<LogFileData TotalRecords="2" TransactionDate="07/11/2025" PeriodMonth="7" PeriodYear="2025" PeriodDay="11" DistrictCode="7074A6" DealerCode="0900532115">
  <LogFile>
    <Data>CustomerData</Data>
    <Filename>A_CM_0900532115_7074A6_07122025010705.xml</Filename>
    <RecordCount>1401</RecordCount>
    <Status>Successful</Status>
    <ValidXML>true</ValidXML>
    <Transmission>Transfered to Synermaxx : 2025-07-12</Transmission>
    <Remarks />
    <Date>07/12/2025 01:07:34</Date>
  </LogFile>
  <LogFile>
    <Data>SalesData</Data>
    <Filename>A_SD_0900532115_7074A6_07122025010705.xml</Filename>
    <RecordCount>84</RecordCount>
    <Status>Successful</Status>
    <ValidXML>true</ValidXML>
    <Transmission>Transfered to Synermaxx : 2025-07-12</Transmission>
    <Remarks />
    <Date>07/12/2025 01:07:43</Date>
  </LogFile>
</LogFileData>