<LogFileData TotalRecords="2" TransactionDate="09/19/2025" PeriodMonth="9" PeriodYear="2025" PeriodDay="19" DistrictCode="7074A6" DealerCode="0900532115">
  <LogFile>
    <Data>CustomerData</Data>
    <Filename>A_CM_0900532115_7074A6_09202025014552.xml</Filename>
    <RecordCount>1432</RecordCount>
    <Status>Successful</Status>
    <ValidXML>true</ValidXML>
    <Transmission>Transfered to Synermaxx : 2025-09-20</Transmission>
    <Remarks />
    <Date>09/20/2025 01:46:21</Date>
  </LogFile>
  <LogFile>
    <Data>SalesData</Data>
    <Filename>A_SD_0900532115_7074A6_09202025014552.xml</Filename>
    <RecordCount>69</RecordCount>
    <Status>Successful</Status>
    <ValidXML>true</ValidXML>
    <Transmission>Transfered to Synermaxx : 2025-09-20</Transmission>
    <Remarks />
    <Date>09/20/2025 01:46:30</Date>
  </LogFile>
</LogFileData>