<LogFileData TotalRecords="2" TransactionDate="05/28/2025" PeriodMonth="5" PeriodYear="2025" PeriodDay="28" DistrictCode="7074A6" DealerCode="0900532115">
  <LogFile>
    <Data>CustomerData</Data>
    <Filename>A_CM_0900532115_7074A6_05302025015140.xml</Filename>
    <RecordCount>1337</RecordCount>
    <Status>Successful</Status>
    <ValidXML>true</ValidXML>
    <Transmission>Transfered to Synermaxx : 2025-05-30</Transmission>
    <Remarks />
    <Date>05/30/2025 01:52:07</Date>
  </LogFile>
  <LogFile>
    <Data>SalesData</Data>
    <Filename>A_SD_0900532115_7074A6_05302025015140.xml</Filename>
    <RecordCount>70</RecordCount>
    <Status>Successful</Status>
    <ValidXML>true</ValidXML>
    <Transmission>Transfered to Synermaxx : 2025-05-30</Transmission>
    <Remarks />
    <Date>05/30/2025 01:52:16</Date>
  </LogFile>
</LogFileData>