<LogFileData TotalRecords="2" TransactionDate="07/07/2025" PeriodMonth="7" PeriodYear="2025" PeriodDay="7" DistrictCode="7074A6" DealerCode="0900532115">
  <LogFile>
    <Data>CustomerData</Data>
    <Filename>A_CM_0900532115_7074A6_07092025103038.xml</Filename>
    <RecordCount>1399</RecordCount>
    <Status>Successful</Status>
    <ValidXML>true</ValidXML>
    <Transmission>Transfered to Synermaxx : 2025-07-09</Transmission>
    <Remarks />
    <Date>07/09/2025 10:31:08</Date>
  </LogFile>
  <LogFile>
    <Data>SalesData</Data>
    <Filename>A_SD_0900532115_7074A6_07092025103038.xml</Filename>
    <RecordCount>91</RecordCount>
    <Status>Successful</Status>
    <ValidXML>true</ValidXML>
    <Transmission>Transfered to Synermaxx : 2025-07-09</Transmission>
    <Remarks />
    <Date>07/09/2025 10:31:17</Date>
  </LogFile>
</LogFileData>