<LogFileData TotalRecords="2" TransactionDate="07/16/2025" PeriodMonth="7" PeriodYear="2025" PeriodDay="16" DistrictCode="7074A6" DealerCode="0900532115">
  <LogFile>
    <Data>CustomerData</Data>
    <Filename>A_CM_0900532115_7074A6_07182025094056.xml</Filename>
    <RecordCount>1402</RecordCount>
    <Status>Successful</Status>
    <ValidXML>true</ValidXML>
    <Transmission>Transfered to Synermaxx : 2025-07-18</Transmission>
    <Remarks />
    <Date>07/18/2025 09:41:25</Date>
  </LogFile>
  <LogFile>
    <Data>SalesData</Data>
    <Filename>A_SD_0900532115_7074A6_07182025094056.xml</Filename>
    <RecordCount>0</RecordCount>
    <Status>Successful</Status>
    <ValidXML>true</ValidXML>
    <Transmission>Transfered to Synermaxx : 2025-07-18</Transmission>
    <Remarks />
    <Date>07/18/2025 09:41:33</Date>
  </LogFile>
</LogFileData>