<LogFileData TotalRecords="2" TransactionDate="05/26/2025" PeriodMonth="5" PeriodYear="2025" PeriodDay="26" DistrictCode="7074A6" DealerCode="0900532115">
  <LogFile>
    <Data>CustomerData</Data>
    <Filename>A_CM_0900532115_7074A6_05282025020126.xml</Filename>
    <RecordCount>1334</RecordCount>
    <Status>Successful</Status>
    <ValidXML>true</ValidXML>
    <Transmission>Transfered to Synermaxx : 2025-05-28</Transmission>
    <Remarks />
    <Date>05/28/2025 02:02:10</Date>
  </LogFile>
  <LogFile>
    <Data>SalesData</Data>
    <Filename>A_SD_0900532115_7074A6_05282025020126.xml</Filename>
    <RecordCount>97</RecordCount>
    <Status>Successful</Status>
    <ValidXML>true</ValidXML>
    <Transmission>Transfered to Synermaxx : 2025-05-28</Transmission>
    <Remarks />
    <Date>05/28/2025 02:02:32</Date>
  </LogFile>
</LogFileData>