<LogFileData TotalRecords="0" TransactionDate="07/17/2025" PeriodMonth="7" PeriodYear="2025" PeriodDay="17" DistrictCode="7074A6" DealerCode="0900532115">
  <LogFile>
    <Data>CustomerData</Data>
    <Filename>A_CM_0900532115_7074A6_07182025120913.xml</Filename>
    <RecordCount>1405</RecordCount>
    <Status>Error</Status>
    <ValidXML>true</ValidXML>
    <Transmission>No Internet Connection</Transmission>
    <Remarks />
    <Date>07/18/2025 12:09:35</Date>
  </LogFile>
  <LogFile>
    <Data>SalesData</Data>
    <Filename>A_SD_0900532115_7074A6_07182025120913.xml</Filename>
    <RecordCount>64</RecordCount>
    <Status>Error</Status>
    <ValidXML>true</ValidXML>
    <Transmission>No Internet Connection</Transmission>
    <Remarks />
    <Date>07/18/2025 12:09:35</Date>
  </LogFile>
</LogFileData>