<LogFileData TotalRecords="2" TransactionDate="09/16/2025" PeriodMonth="9" PeriodYear="2025" PeriodDay="16" DistrictCode="7074A6" DealerCode="0900532115">
  <LogFile>
    <Data>CustomerData</Data>
    <Filename>A_CM_0900532115_7074A6_09172025120553.xml</Filename>
    <RecordCount>1432</RecordCount>
    <Status>Successful</Status>
    <ValidXML>true</ValidXML>
    <Transmission>Transfered to Synermaxx : 2025-09-17</Transmission>
    <Remarks />
    <Date>09/17/2025 12:06:22</Date>
  </LogFile>
  <LogFile>
    <Data>SalesData</Data>
    <Filename>A_SD_0900532115_7074A6_09172025120553.xml</Filename>
    <RecordCount>101</RecordCount>
    <Status>Successful</Status>
    <ValidXML>true</ValidXML>
    <Transmission>Transfered to Synermaxx : 2025-09-17</Transmission>
    <Remarks />
    <Date>09/17/2025 12:06:31</Date>
  </LogFile>
</LogFileData>