<LogFileData TotalRecords="2" TransactionDate="06/03/2025" PeriodMonth="6" PeriodYear="2025" PeriodDay="3" DistrictCode="7074A6" DealerCode="0900532115">
  <LogFile>
    <Data>CustomerData</Data>
    <Filename>A_CM_0900532115_7074A6_06052025032919.xml</Filename>
    <RecordCount>1348</RecordCount>
    <Status>Successful</Status>
    <ValidXML>true</ValidXML>
    <Transmission>Transfered to Synermaxx : 2025-06-05</Transmission>
    <Remarks />
    <Date>06/05/2025 03:29:47</Date>
  </LogFile>
  <LogFile>
    <Data>SalesData</Data>
    <Filename>A_SD_0900532115_7074A6_06052025032919.xml</Filename>
    <RecordCount>122</RecordCount>
    <Status>Successful</Status>
    <ValidXML>true</ValidXML>
    <Transmission>Transfered to Synermaxx : 2025-06-05</Transmission>
    <Remarks />
    <Date>06/05/2025 03:29:57</Date>
  </LogFile>
</LogFileData>