<LogFileData TotalRecords="2" TransactionDate="08/14/2025" PeriodMonth="8" PeriodYear="2025" PeriodDay="14" DistrictCode="7074A6" DealerCode="0900532115">
  <LogFile>
    <Data>CustomerData</Data>
    <Filename>A_CM_0900532115_7074A6_08152025024226.xml</Filename>
    <RecordCount>1425</RecordCount>
    <Status>Successful</Status>
    <ValidXML>true</ValidXML>
    <Transmission>Transfered to Synermaxx : 2025-08-15</Transmission>
    <Remarks />
    <Date>08/15/2025 02:42:54</Date>
  </LogFile>
  <LogFile>
    <Data>SalesData</Data>
    <Filename>A_SD_0900532115_7074A6_08152025024226.xml</Filename>
    <RecordCount>40</RecordCount>
    <Status>Successful</Status>
    <ValidXML>true</ValidXML>
    <Transmission>Transfered to Synermaxx : 2025-08-15</Transmission>
    <Remarks />
    <Date>08/15/2025 02:43:03</Date>
  </LogFile>
</LogFileData>