<LogFileData TotalRecords="2" TransactionDate="06/26/2025" PeriodMonth="6" PeriodYear="2025" PeriodDay="26" DistrictCode="7074A6" DealerCode="0900532115">
  <LogFile>
    <Data>CustomerData</Data>
    <Filename>A_CM_0900532115_7074A6_06272025102823.xml</Filename>
    <RecordCount>1393</RecordCount>
    <Status>Successful</Status>
    <ValidXML>true</ValidXML>
    <Transmission>Transfered to Synermaxx : 2025-06-27</Transmission>
    <Remarks />
    <Date>06/27/2025 10:28:52</Date>
  </LogFile>
  <LogFile>
    <Data>SalesData</Data>
    <Filename>A_SD_0900532115_7074A6_06272025102823.xml</Filename>
    <RecordCount>64</RecordCount>
    <Status>Successful</Status>
    <ValidXML>true</ValidXML>
    <Transmission>Transfered to Synermaxx : 2025-06-27</Transmission>
    <Remarks />
    <Date>06/27/2025 10:29:01</Date>
  </LogFile>
</LogFileData>