<LogFileData TotalRecords="0" TransactionDate="09/07/2025" PeriodMonth="9" PeriodYear="2025" PeriodDay="7" DistrictCode="7074A6" DealerCode="0900532115">
  <LogFile>
    <Data>CustomerData</Data>
    <Filename>A_CM_0900532115_7074A6_09102025085836.xml</Filename>
    <RecordCount>1428</RecordCount>
    <Status>Error</Status>
    <ValidXML>true</ValidXML>
    <Transmission>No Internet Connection</Transmission>
    <Remarks />
    <Date>09/10/2025 08:58:55</Date>
  </LogFile>
  <LogFile>
    <Data>SalesData</Data>
    <Filename>A_SD_0900532115_7074A6_09102025085836.xml</Filename>
    <RecordCount>0</RecordCount>
    <Status>Error</Status>
    <ValidXML>true</ValidXML>
    <Transmission>No Internet Connection</Transmission>
    <Remarks />
    <Date>09/10/2025 08:58:55</Date>
  </LogFile>
</LogFileData>