<LogFileData TotalRecords="2" TransactionDate="06/29/2025" PeriodMonth="6" PeriodYear="2025" PeriodDay="29" DistrictCode="7074A6" DealerCode="0900532115">
  <LogFile>
    <Data>CustomerData</Data>
    <Filename>A_CM_0900532115_7074A6_07022025114734.xml</Filename>
    <RecordCount>1395</RecordCount>
    <Status>Successful</Status>
    <ValidXML>true</ValidXML>
    <Transmission>Transfered to Synermaxx : 2025-07-02</Transmission>
    <Remarks />
    <Date>07/02/2025 11:48:02</Date>
  </LogFile>
  <LogFile>
    <Data>SalesData</Data>
    <Filename>A_SD_0900532115_7074A6_07022025114734.xml</Filename>
    <RecordCount>13</RecordCount>
    <Status>Successful</Status>
    <ValidXML>true</ValidXML>
    <Transmission>Transfered to Synermaxx : 2025-07-02</Transmission>
    <Remarks />
    <Date>07/02/2025 11:48:11</Date>
  </LogFile>
</LogFileData>