<LogFileData TotalRecords="0" TransactionDate="08/17/2025" PeriodMonth="8" PeriodYear="2025" PeriodDay="17" DistrictCode="7074A6" DealerCode="0900532115">
  <LogFile>
    <Data>CustomerData</Data>
    <Filename>A_CM_0900532115_7074A6_08192025012452.xml</Filename>
    <RecordCount>0</RecordCount>
    <Status>Error</Status>
    <Transmission>No Internet Connection</Transmission>
    <Remarks> Please check Internet Connection : Unable to connect to the remote server :  : 2025-08-19</Remarks>
    <Date>08/19/2025 01:26:27</Date>
  </LogFile>
  <LogFile>
    <Data>SalesData</Data>
    <Filename>A_SD_0900532115_7074A6_08192025012452.xml</Filename>
    <RecordCount>0</RecordCount>
    <Status>Error</Status>
    <Transmission>No Internet Connection</Transmission>
    <Remarks> Please check Internet Connection : Unable to connect to the remote server :  : 2025-08-19</Remarks>
    <Date>08/19/2025 01:28:12</Date>
  </LogFile>
</LogFileData>