<LogFileData TotalRecords="2" TransactionDate="09/29/2025" PeriodMonth="9" PeriodYear="2025" PeriodDay="29" DistrictCode="7074A6" DealerCode="0900532115">
  <LogFile>
    <Data>CustomerData</Data>
    <Filename>A_CM_0900532115_7074A6_09302025025428.xml</Filename>
    <RecordCount>1436</RecordCount>
    <Status>Successful</Status>
    <ValidXML>true</ValidXML>
    <Transmission>Transfered to Synermaxx : 2025-09-30</Transmission>
    <Remarks />
    <Date>09/30/2025 02:54:58</Date>
  </LogFile>
  <LogFile>
    <Data>SalesData</Data>
    <Filename>A_SD_0900532115_7074A6_09302025025428.xml</Filename>
    <RecordCount>14</RecordCount>
    <Status>Successful</Status>
    <ValidXML>true</ValidXML>
    <Transmission>Transfered to Synermaxx : 2025-09-30</Transmission>
    <Remarks />
    <Date>09/30/2025 02:55:06</Date>
  </LogFile>
</LogFileData>