<LogFileData TotalRecords="2" TransactionDate="06/19/2025" PeriodMonth="6" PeriodYear="2025" PeriodDay="19" DistrictCode="7074A6" DealerCode="0900532115">
  <LogFile>
    <Data>CustomerData</Data>
    <Filename>A_CM_0900532115_7074A6_06202025113024.xml</Filename>
    <RecordCount>1377</RecordCount>
    <Status>Successful</Status>
    <ValidXML>true</ValidXML>
    <Transmission>Transfered to Synermaxx : 2025-06-20</Transmission>
    <Remarks />
    <Date>06/20/2025 11:30:56</Date>
  </LogFile>
  <LogFile>
    <Data>SalesData</Data>
    <Filename>A_SD_0900532115_7074A6_06202025113024.xml</Filename>
    <RecordCount>61</RecordCount>
    <Status>Successful</Status>
    <ValidXML>true</ValidXML>
    <Transmission>Transfered to Synermaxx : 2025-06-20</Transmission>
    <Remarks />
    <Date>06/20/2025 11:31:04</Date>
  </LogFile>
</LogFileData>