<LogFileData TotalRecords="2" TransactionDate="08/30/2025" PeriodMonth="8" PeriodYear="2025" PeriodDay="30" DistrictCode="7074A6" DealerCode="0900532115">
  <LogFile>
    <Data>CustomerData</Data>
    <Filename>A_CM_0900532115_7074A6_09022025021931.xml</Filename>
    <RecordCount>1426</RecordCount>
    <Status>Successful</Status>
    <ValidXML>true</ValidXML>
    <Transmission>Transfered to Synermaxx : 2025-09-02</Transmission>
    <Remarks />
    <Date>09/02/2025 02:20:02</Date>
  </LogFile>
  <LogFile>
    <Data>SalesData</Data>
    <Filename>A_SD_0900532115_7074A6_09022025021931.xml</Filename>
    <RecordCount>116</RecordCount>
    <Status>Successful</Status>
    <ValidXML>true</ValidXML>
    <Transmission>Transfered to Synermaxx : 2025-09-02</Transmission>
    <Remarks />
    <Date>09/02/2025 02:20:11</Date>
  </LogFile>
</LogFileData>