<LogFileData TotalRecords="2" TransactionDate="05/29/2025" PeriodMonth="5" PeriodYear="2025" PeriodDay="29" DistrictCode="7074A6" DealerCode="0900532115">
  <LogFile>
    <Data>CustomerData</Data>
    <Filename>A_CM_0900532115_7074A6_05302025044543.xml</Filename>
    <RecordCount>1338</RecordCount>
    <Status>Successful</Status>
    <ValidXML>true</ValidXML>
    <Transmission>Transfered to Synermaxx : 2025-05-30</Transmission>
    <Remarks />
    <Date>05/30/2025 04:46:12</Date>
  </LogFile>
  <LogFile>
    <Data>SalesData</Data>
    <Filename>A_SD_0900532115_7074A6_05302025044543.xml</Filename>
    <RecordCount>59</RecordCount>
    <Status>Successful</Status>
    <ValidXML>true</ValidXML>
    <Transmission>Transfered to Synermaxx : 2025-05-30</Transmission>
    <Remarks />
    <Date>05/30/2025 04:46:21</Date>
  </LogFile>
</LogFileData>