<LogFileData TotalRecords="2" TransactionDate="05/09/2025" PeriodMonth="5" PeriodYear="2025" PeriodDay="9" DistrictCode="7074A6" DealerCode="0900532115">
  <LogFile>
    <Data>CustomerData</Data>
    <Filename>A_CM_0900532115_7074A6_05132025035919.xml</Filename>
    <RecordCount>1313</RecordCount>
    <Status>Successful</Status>
    <ValidXML>true</ValidXML>
    <Transmission>Transfered to Synermaxx : 2025-05-13</Transmission>
    <Remarks />
    <Date>05/13/2025 03:59:50</Date>
  </LogFile>
  <LogFile>
    <Data>SalesData</Data>
    <Filename>A_SD_0900532115_7074A6_05132025035919.xml</Filename>
    <RecordCount>100</RecordCount>
    <Status>Successful</Status>
    <ValidXML>true</ValidXML>
    <Transmission>Transfered to Synermaxx : 2025-05-13</Transmission>
    <Remarks />
    <Date>05/13/2025 04:00:02</Date>
  </LogFile>
</LogFileData>