<LogFileData TotalRecords="2" TransactionDate="08/23/2025" PeriodMonth="8" PeriodYear="2025" PeriodDay="23" DistrictCode="7074A6" DealerCode="0900532115">
  <LogFile>
    <Data>CustomerData</Data>
    <Filename>A_CM_0900532115_7074A6_08252025021953.xml</Filename>
    <RecordCount>1426</RecordCount>
    <Status>Successful</Status>
    <ValidXML>true</ValidXML>
    <Transmission>Transfered to Synermaxx : 2025-08-25</Transmission>
    <Remarks />
    <Date>08/25/2025 02:20:21</Date>
  </LogFile>
  <LogFile>
    <Data>SalesData</Data>
    <Filename>A_SD_0900532115_7074A6_08252025021953.xml</Filename>
    <RecordCount>89</RecordCount>
    <Status>Successful</Status>
    <ValidXML>true</ValidXML>
    <Transmission>Transfered to Synermaxx : 2025-08-25</Transmission>
    <Remarks />
    <Date>08/25/2025 02:20:31</Date>
  </LogFile>
</LogFileData>