<LogFileData TotalRecords="2" TransactionDate="07/13/2025" PeriodMonth="7" PeriodYear="2025" PeriodDay="13" DistrictCode="7074A6" DealerCode="0900532115">
  <LogFile>
    <Data>CustomerData</Data>
    <Filename>A_CM_0900532115_7074A6_07152025090817.xml</Filename>
    <RecordCount>1402</RecordCount>
    <Status>Successful</Status>
    <ValidXML>true</ValidXML>
    <Transmission>Transfered to Synermaxx : 2025-07-15</Transmission>
    <Remarks />
    <Date>07/15/2025 09:08:46</Date>
  </LogFile>
  <LogFile>
    <Data>SalesData</Data>
    <Filename>A_SD_0900532115_7074A6_07152025090817.xml</Filename>
    <RecordCount>0</RecordCount>
    <Status>Successful</Status>
    <ValidXML>true</ValidXML>
    <Transmission>Transfered to Synermaxx : 2025-07-15</Transmission>
    <Remarks />
    <Date>07/15/2025 09:08:54</Date>
  </LogFile>
</LogFileData>