<LogFileData TotalRecords="2" TransactionDate="06/12/2025" PeriodMonth="6" PeriodYear="2025" PeriodDay="12" DistrictCode="7074A6" DealerCode="0900532115">
  <LogFile>
    <Data>CustomerData</Data>
    <Filename>A_CM_0900532115_7074A6_06132025014154.xml</Filename>
    <RecordCount>1362</RecordCount>
    <Status>Successful</Status>
    <ValidXML>true</ValidXML>
    <Transmission>Transfered to Synermaxx : 2025-06-13</Transmission>
    <Remarks />
    <Date>06/13/2025 01:42:22</Date>
  </LogFile>
  <LogFile>
    <Data>SalesData</Data>
    <Filename>A_SD_0900532115_7074A6_06132025014154.xml</Filename>
    <RecordCount>111</RecordCount>
    <Status>Successful</Status>
    <ValidXML>true</ValidXML>
    <Transmission>Transfered to Synermaxx : 2025-06-13</Transmission>
    <Remarks />
    <Date>06/13/2025 01:42:32</Date>
  </LogFile>
</LogFileData>