<LogFileData TotalRecords="2" TransactionDate="06/23/2025" PeriodMonth="6" PeriodYear="2025" PeriodDay="23" DistrictCode="7074A6" DealerCode="0900532115">
  <LogFile>
    <Data>CustomerData</Data>
    <Filename>A_CM_0900532115_7074A6_06242025121835.xml</Filename>
    <RecordCount>1382</RecordCount>
    <Status>Successful</Status>
    <ValidXML>true</ValidXML>
    <Transmission>Transfered to Synermaxx : 2025-06-24</Transmission>
    <Remarks />
    <Date>06/24/2025 12:19:03</Date>
  </LogFile>
  <LogFile>
    <Data>SalesData</Data>
    <Filename>A_SD_0900532115_7074A6_06242025121835.xml</Filename>
    <RecordCount>115</RecordCount>
    <Status>Successful</Status>
    <ValidXML>true</ValidXML>
    <Transmission>Transfered to Synermaxx : 2025-06-24</Transmission>
    <Remarks />
    <Date>06/24/2025 12:19:12</Date>
  </LogFile>
</LogFileData>