<LogFileData TotalRecords="0" TransactionDate="07/27/2025" PeriodMonth="7" PeriodYear="2025" PeriodDay="27" DistrictCode="7074A6" DealerCode="0900532115">
  <LogFile>
    <Data>CustomerData</Data>
    <Filename>A_CM_0900532115_7074A6_07292025013133.xml</Filename>
    <RecordCount>1418</RecordCount>
    <Status>Error</Status>
    <ValidXML>true</ValidXML>
    <Transmission>No Internet Connection</Transmission>
    <Remarks />
    <Date>07/29/2025 01:31:52</Date>
  </LogFile>
  <LogFile>
    <Data>SalesData</Data>
    <Filename>A_SD_0900532115_7074A6_07292025013133.xml</Filename>
    <RecordCount>0</RecordCount>
    <Status>Error</Status>
    <ValidXML>true</ValidXML>
    <Transmission>No Internet Connection</Transmission>
    <Remarks />
    <Date>07/29/2025 01:31:52</Date>
  </LogFile>
</LogFileData>