<LogFileData TotalRecords="2" TransactionDate="05/16/2025" PeriodMonth="5" PeriodYear="2025" PeriodDay="16" DistrictCode="7074A6" DealerCode="0900532115">
  <LogFile>
    <Data>CustomerData</Data>
    <Filename>A_CM_0900532115_7074A6_05172025052608.xml</Filename>
    <RecordCount>1314</RecordCount>
    <Status>Successful</Status>
    <ValidXML>true</ValidXML>
    <Transmission>Transfered to Synermaxx : 2025-05-17</Transmission>
    <Remarks />
    <Date>05/17/2025 05:26:35</Date>
  </LogFile>
  <LogFile>
    <Data>SalesData</Data>
    <Filename>A_SD_0900532115_7074A6_05172025052608.xml</Filename>
    <RecordCount>54</RecordCount>
    <Status>Successful</Status>
    <ValidXML>true</ValidXML>
    <Transmission>Transfered to Synermaxx : 2025-05-17</Transmission>
    <Remarks />
    <Date>05/17/2025 05:26:44</Date>
  </LogFile>
</LogFileData>