<LogFileData TotalRecords="2" TransactionDate="06/05/2025" PeriodMonth="6" PeriodYear="2025" PeriodDay="5" DistrictCode="7074A6" DealerCode="0900532115">
  <LogFile>
    <Data>CustomerData</Data>
    <Filename>A_CM_0900532115_7074A6_06072025032240.xml</Filename>
    <RecordCount>1355</RecordCount>
    <Status>Successful</Status>
    <ValidXML>true</ValidXML>
    <Transmission>Transfered to Synermaxx : 2025-06-07</Transmission>
    <Remarks />
    <Date>06/07/2025 03:23:08</Date>
  </LogFile>
  <LogFile>
    <Data>SalesData</Data>
    <Filename>A_SD_0900532115_7074A6_06072025032240.xml</Filename>
    <RecordCount>97</RecordCount>
    <Status>Successful</Status>
    <ValidXML>true</ValidXML>
    <Transmission>Transfered to Synermaxx : 2025-06-07</Transmission>
    <Remarks />
    <Date>06/07/2025 03:23:18</Date>
  </LogFile>
</LogFileData>