<LogFileData TotalRecords="2" TransactionDate="05/15/2025" PeriodMonth="5" PeriodYear="2025" PeriodDay="15" DistrictCode="7074A6" DealerCode="0900532115">
  <LogFile>
    <Data>CustomerData</Data>
    <Filename>A_CM_0900532115_7074A6_05172025045716.xml</Filename>
    <RecordCount>1314</RecordCount>
    <Status>Successful</Status>
    <ValidXML>true</ValidXML>
    <Transmission>Transfered to Synermaxx : 2025-05-17</Transmission>
    <Remarks />
    <Date>05/17/2025 04:57:44</Date>
  </LogFile>
  <LogFile>
    <Data>SalesData</Data>
    <Filename>A_SD_0900532115_7074A6_05172025045716.xml</Filename>
    <RecordCount>56</RecordCount>
    <Status>Successful</Status>
    <ValidXML>true</ValidXML>
    <Transmission>Transfered to Synermaxx : 2025-05-17</Transmission>
    <Remarks />
    <Date>05/17/2025 04:57:53</Date>
  </LogFile>
</LogFileData>