<LogFileData TotalRecords="2" TransactionDate="07/09/2025" PeriodMonth="7" PeriodYear="2025" PeriodDay="9" DistrictCode="7074A6" DealerCode="0900532115">
  <LogFile>
    <Data>CustomerData</Data>
    <Filename>A_CM_0900532115_7074A6_07102025113613.xml</Filename>
    <RecordCount>1400</RecordCount>
    <Status>Successful</Status>
    <ValidXML>true</ValidXML>
    <Transmission>Transfered to Synermaxx : 2025-07-10</Transmission>
    <Remarks />
    <Date>07/10/2025 11:36:41</Date>
  </LogFile>
  <LogFile>
    <Data>SalesData</Data>
    <Filename>A_SD_0900532115_7074A6_07102025113613.xml</Filename>
    <RecordCount>41</RecordCount>
    <Status>Successful</Status>
    <ValidXML>true</ValidXML>
    <Transmission>Transfered to Synermaxx : 2025-07-10</Transmission>
    <Remarks />
    <Date>07/10/2025 11:36:50</Date>
  </LogFile>
</LogFileData>