<LogFileData TotalRecords="2" TransactionDate="07/15/2025" PeriodMonth="7" PeriodYear="2025" PeriodDay="15" DistrictCode="7074A6" DealerCode="0900532115">
  <LogFile>
    <Data>CustomerData</Data>
    <Filename>A_CM_0900532115_7074A6_07162025012045.xml</Filename>
    <RecordCount>1402</RecordCount>
    <Status>Successful</Status>
    <ValidXML>true</ValidXML>
    <Transmission>Transfered to Synermaxx : 2025-07-16</Transmission>
    <Remarks />
    <Date>07/16/2025 01:21:37</Date>
  </LogFile>
  <LogFile>
    <Data>SalesData</Data>
    <Filename>A_SD_0900532115_7074A6_07162025012045.xml</Filename>
    <RecordCount>52</RecordCount>
    <Status>Successful</Status>
    <ValidXML>true</ValidXML>
    <Transmission>Transfered to Synermaxx : 2025-07-16</Transmission>
    <Remarks />
    <Date>07/16/2025 01:21:46</Date>
  </LogFile>
</LogFileData>