<LogFileData TotalRecords="2" TransactionDate="07/20/2025" PeriodMonth="7" PeriodYear="2025" PeriodDay="20" DistrictCode="7074A6" DealerCode="0900532115">
  <LogFile>
    <Data>CustomerData</Data>
    <Filename>A_CM_0900532115_7074A6_07222025123615.xml</Filename>
    <RecordCount>1408</RecordCount>
    <Status>Successful</Status>
    <ValidXML>true</ValidXML>
    <Transmission>Transfered to Synermaxx : 2025-07-22</Transmission>
    <Remarks />
    <Date>07/22/2025 12:36:44</Date>
  </LogFile>
  <LogFile>
    <Data>SalesData</Data>
    <Filename>A_SD_0900532115_7074A6_07222025123615.xml</Filename>
    <RecordCount>0</RecordCount>
    <Status>Successful</Status>
    <ValidXML>true</ValidXML>
    <Transmission>Transfered to Synermaxx : 2025-07-22</Transmission>
    <Remarks />
    <Date>07/22/2025 12:36:53</Date>
  </LogFile>
</LogFileData>