<LogFileData TotalRecords="2" TransactionDate="09/06/2025" PeriodMonth="9" PeriodYear="2025" PeriodDay="6" DistrictCode="7074A6" DealerCode="0900532115">
  <LogFile>
    <Data>CustomerData</Data>
    <Filename>A_CM_0900532115_7074A6_09082025023126.xml</Filename>
    <RecordCount>1428</RecordCount>
    <Status>Successful</Status>
    <ValidXML>true</ValidXML>
    <Transmission>Transfered to Synermaxx : 2025-09-08</Transmission>
    <Remarks />
    <Date>09/08/2025 02:31:55</Date>
  </LogFile>
  <LogFile>
    <Data>SalesData</Data>
    <Filename>A_SD_0900532115_7074A6_09082025023126.xml</Filename>
    <RecordCount>58</RecordCount>
    <Status>Successful</Status>
    <ValidXML>true</ValidXML>
    <Transmission>Transfered to Synermaxx : 2025-09-08</Transmission>
    <Remarks />
    <Date>09/08/2025 02:32:04</Date>
  </LogFile>
</LogFileData>