<LogFileData TotalRecords="2" TransactionDate="07/06/2025" PeriodMonth="7" PeriodYear="2025" PeriodDay="6" DistrictCode="7074A6" DealerCode="0900532115">
  <LogFile>
    <Data>CustomerData</Data>
    <Filename>A_CM_0900532115_7074A6_07082025101745.xml</Filename>
    <RecordCount>1398</RecordCount>
    <Status>Successful</Status>
    <ValidXML>true</ValidXML>
    <Transmission>Transfered to Synermaxx : 2025-07-08</Transmission>
    <Remarks />
    <Date>07/08/2025 10:18:14</Date>
  </LogFile>
  <LogFile>
    <Data>SalesData</Data>
    <Filename>A_SD_0900532115_7074A6_07082025101745.xml</Filename>
    <RecordCount>0</RecordCount>
    <Status>Successful</Status>
    <ValidXML>true</ValidXML>
    <Transmission>Transfered to Synermaxx : 2025-07-08</Transmission>
    <Remarks />
    <Date>07/08/2025 10:18:23</Date>
  </LogFile>
</LogFileData>