<LogFileData TotalRecords="2" TransactionDate="09/04/2025" PeriodMonth="9" PeriodYear="2025" PeriodDay="4" DistrictCode="7074A6" DealerCode="0900532115">
  <LogFile>
    <Data>CustomerData</Data>
    <Filename>A_CM_0900532115_7074A6_09062025013054.xml</Filename>
    <RecordCount>1427</RecordCount>
    <Status>Successful</Status>
    <ValidXML>true</ValidXML>
    <Transmission>Transfered to Synermaxx : 2025-09-06</Transmission>
    <Remarks />
    <Date>09/06/2025 01:31:24</Date>
  </LogFile>
  <LogFile>
    <Data>SalesData</Data>
    <Filename>A_SD_0900532115_7074A6_09062025013054.xml</Filename>
    <RecordCount>85</RecordCount>
    <Status>Successful</Status>
    <ValidXML>true</ValidXML>
    <Transmission>Transfered to Synermaxx : 2025-09-06</Transmission>
    <Remarks />
    <Date>09/06/2025 01:31:32</Date>
  </LogFile>
</LogFileData>