<LogFileData TotalRecords="2" TransactionDate="09/23/2025" PeriodMonth="9" PeriodYear="2025" PeriodDay="23" DistrictCode="7074A6" DealerCode="0900532115">
  <LogFile>
    <Data>CustomerData</Data>
    <Filename>A_CM_0900532115_7074A6_09242025022928.xml</Filename>
    <RecordCount>1436</RecordCount>
    <Status>Successful</Status>
    <ValidXML>true</ValidXML>
    <Transmission>Transfered to Synermaxx : 2025-09-24</Transmission>
    <Remarks />
    <Date>09/24/2025 02:29:58</Date>
  </LogFile>
  <LogFile>
    <Data>SalesData</Data>
    <Filename>A_SD_0900532115_7074A6_09242025022928.xml</Filename>
    <RecordCount>112</RecordCount>
    <Status>Successful</Status>
    <ValidXML>true</ValidXML>
    <Transmission>Transfered to Synermaxx : 2025-09-24</Transmission>
    <Remarks />
    <Date>09/24/2025 02:30:07</Date>
  </LogFile>
</LogFileData>