<LogFileData TotalRecords="2" TransactionDate="06/02/2025" PeriodMonth="6" PeriodYear="2025" PeriodDay="2" DistrictCode="7074A6" DealerCode="0900532115">
  <LogFile>
    <Data>CustomerData</Data>
    <Filename>A_CM_0900532115_7074A6_06052025023019.xml</Filename>
    <RecordCount>1346</RecordCount>
    <Status>Successful</Status>
    <ValidXML>true</ValidXML>
    <Transmission>Transfered to Synermaxx : 2025-06-05</Transmission>
    <Remarks />
    <Date>06/05/2025 02:30:47</Date>
  </LogFile>
  <LogFile>
    <Data>SalesData</Data>
    <Filename>A_SD_0900532115_7074A6_06052025023019.xml</Filename>
    <RecordCount>65</RecordCount>
    <Status>Successful</Status>
    <ValidXML>true</ValidXML>
    <Transmission>Transfered to Synermaxx : 2025-06-05</Transmission>
    <Remarks />
    <Date>06/05/2025 02:30:56</Date>
  </LogFile>
</LogFileData>