<LogFileData TotalRecords="2" TransactionDate="05/07/2025" PeriodMonth="5" PeriodYear="2025" PeriodDay="7" DistrictCode="7074A6" DealerCode="0900532115">
  <LogFile>
    <Data>CustomerData</Data>
    <Filename>A_CM_0900532115_7074A6_05102025042028.xml</Filename>
    <RecordCount>1312</RecordCount>
    <Status>Successful</Status>
    <ValidXML>true</ValidXML>
    <Transmission>Transfered to Synermaxx : 2025-05-10</Transmission>
    <Remarks />
    <Date>05/10/2025 04:20:56</Date>
  </LogFile>
  <LogFile>
    <Data>SalesData</Data>
    <Filename>A_SD_0900532115_7074A6_05102025042028.xml</Filename>
    <RecordCount>146</RecordCount>
    <Status>Successful</Status>
    <ValidXML>true</ValidXML>
    <Transmission>Transfered to Synermaxx : 2025-05-10</Transmission>
    <Remarks />
    <Date>05/10/2025 04:21:06</Date>
  </LogFile>
</LogFileData>