<LogFileData TotalRecords="2" TransactionDate="08/31/2025" PeriodMonth="8" PeriodYear="2025" PeriodDay="31" DistrictCode="7074A6" DealerCode="0900532115">
  <LogFile>
    <Data>CustomerData</Data>
    <Filename>A_CM_0900532115_7074A6_09022025022950.xml</Filename>
    <RecordCount>1426</RecordCount>
    <Status>Successful</Status>
    <ValidXML>true</ValidXML>
    <Transmission>Transfered to Synermaxx : 2025-09-02</Transmission>
    <Remarks />
    <Date>09/02/2025 02:30:20</Date>
  </LogFile>
  <LogFile>
    <Data>SalesData</Data>
    <Filename>A_SD_0900532115_7074A6_09022025022950.xml</Filename>
    <RecordCount>7</RecordCount>
    <Status>Successful</Status>
    <ValidXML>true</ValidXML>
    <Transmission>Transfered to Synermaxx : 2025-09-02</Transmission>
    <Remarks />
    <Date>09/02/2025 02:30:28</Date>
  </LogFile>
</LogFileData>