<LogFileData TotalRecords="2" TransactionDate="07/30/2025" PeriodMonth="7" PeriodYear="2025" PeriodDay="30" DistrictCode="7074A6" DealerCode="0900532115">
  <LogFile>
    <Data>CustomerData</Data>
    <Filename>A_CM_0900532115_7074A6_08012025044122.xml</Filename>
    <RecordCount>1419</RecordCount>
    <Status>Successful</Status>
    <ValidXML>true</ValidXML>
    <Transmission>Transfered to Synermaxx : 2025-08-01</Transmission>
    <Remarks />
    <Date>08/01/2025 04:41:52</Date>
  </LogFile>
  <LogFile>
    <Data>SalesData</Data>
    <Filename>A_SD_0900532115_7074A6_08012025044122.xml</Filename>
    <RecordCount>30</RecordCount>
    <Status>Successful</Status>
    <ValidXML>true</ValidXML>
    <Transmission>Transfered to Synermaxx : 2025-08-01</Transmission>
    <Remarks />
    <Date>08/01/2025 04:42:02</Date>
  </LogFile>
</LogFileData>