<LogFileData TotalRecords="2" TransactionDate="08/29/2025" PeriodMonth="8" PeriodYear="2025" PeriodDay="29" DistrictCode="7074A6" DealerCode="0900532115">
  <LogFile>
    <Data>CustomerData</Data>
    <Filename>A_CM_0900532115_7074A6_08302025034925.xml</Filename>
    <RecordCount>1426</RecordCount>
    <Status>Successful</Status>
    <ValidXML>true</ValidXML>
    <Transmission>Transfered to Synermaxx : 2025-08-30</Transmission>
    <Remarks />
    <Date>08/30/2025 03:49:57</Date>
  </LogFile>
  <LogFile>
    <Data>SalesData</Data>
    <Filename>A_SD_0900532115_7074A6_08302025034925.xml</Filename>
    <RecordCount>89</RecordCount>
    <Status>Successful</Status>
    <ValidXML>true</ValidXML>
    <Transmission>Transfered to Synermaxx : 2025-08-30</Transmission>
    <Remarks />
    <Date>08/30/2025 03:50:08</Date>
  </LogFile>
</LogFileData>