<LogFileData TotalRecords="2" TransactionDate="08/13/2025" PeriodMonth="8" PeriodYear="2025" PeriodDay="13" DistrictCode="7074A6" DealerCode="0900532115">
  <LogFile>
    <Data>CustomerData</Data>
    <Filename>A_CM_0900532115_7074A6_08142025033017.xml</Filename>
    <RecordCount>1425</RecordCount>
    <Status>Successful</Status>
    <ValidXML>true</ValidXML>
    <Transmission>Transfered to Synermaxx : 2025-08-14</Transmission>
    <Remarks />
    <Date>08/14/2025 03:30:48</Date>
  </LogFile>
  <LogFile>
    <Data>SalesData</Data>
    <Filename>A_SD_0900532115_7074A6_08142025033017.xml</Filename>
    <RecordCount>88</RecordCount>
    <Status>Successful</Status>
    <ValidXML>true</ValidXML>
    <Transmission>Transfered to Synermaxx : 2025-08-14</Transmission>
    <Remarks />
    <Date>08/14/2025 03:30:59</Date>
  </LogFile>
</LogFileData>