<LogFileData TotalRecords="2" TransactionDate="07/21/2025" PeriodMonth="7" PeriodYear="2025" PeriodDay="21" DistrictCode="7074A6" DealerCode="0900532115">
  <LogFile>
    <Data>CustomerData</Data>
    <Filename>A_CM_0900532115_7074A6_07222025025518.xml</Filename>
    <RecordCount>1408</RecordCount>
    <Status>Successful</Status>
    <ValidXML>true</ValidXML>
    <Transmission>Transfered to Synermaxx : 2025-07-22</Transmission>
    <Remarks />
    <Date>07/22/2025 02:55:48</Date>
  </LogFile>
  <LogFile>
    <Data>SalesData</Data>
    <Filename>A_SD_0900532115_7074A6_07222025025518.xml</Filename>
    <RecordCount>106</RecordCount>
    <Status>Successful</Status>
    <ValidXML>true</ValidXML>
    <Transmission>Transfered to Synermaxx : 2025-07-22</Transmission>
    <Remarks />
    <Date>07/22/2025 02:55:57</Date>
  </LogFile>
</LogFileData>