<LogFileData TotalRecords="2" TransactionDate="09/12/2025" PeriodMonth="9" PeriodYear="2025" PeriodDay="12" DistrictCode="7074A6" DealerCode="0900532115">
  <LogFile>
    <Data>CustomerData</Data>
    <Filename>A_CM_0900532115_7074A6_09132025023811.xml</Filename>
    <RecordCount>1431</RecordCount>
    <Status>Successful</Status>
    <ValidXML>true</ValidXML>
    <Transmission>Transfered to Synermaxx : 2025-09-13</Transmission>
    <Remarks />
    <Date>09/13/2025 02:38:39</Date>
  </LogFile>
  <LogFile>
    <Data>SalesData</Data>
    <Filename>A_SD_0900532115_7074A6_09132025023811.xml</Filename>
    <RecordCount>96</RecordCount>
    <Status>Successful</Status>
    <ValidXML>true</ValidXML>
    <Transmission>Transfered to Synermaxx : 2025-09-13</Transmission>
    <Remarks />
    <Date>09/13/2025 02:38:48</Date>
  </LogFile>
</LogFileData>