<LogFileData TotalRecords="2" TransactionDate="06/14/2025" PeriodMonth="6" PeriodYear="2025" PeriodDay="14" DistrictCode="7074A6" DealerCode="0900532115">
  <LogFile>
    <Data>CustomerData</Data>
    <Filename>A_CM_0900532115_7074A6_06162025031804.xml</Filename>
    <RecordCount>1366</RecordCount>
    <Status>Successful</Status>
    <ValidXML>true</ValidXML>
    <Transmission>Transfered to Synermaxx : 2025-06-16</Transmission>
    <Remarks />
    <Date>06/16/2025 03:18:34</Date>
  </LogFile>
  <LogFile>
    <Data>SalesData</Data>
    <Filename>A_SD_0900532115_7074A6_06162025031804.xml</Filename>
    <RecordCount>85</RecordCount>
    <Status>Successful</Status>
    <ValidXML>true</ValidXML>
    <Transmission>Transfered to Synermaxx : 2025-06-16</Transmission>
    <Remarks />
    <Date>06/16/2025 03:18:43</Date>
  </LogFile>
</LogFileData>