<LogFileData TotalRecords="0" TransactionDate="05/08/2025" PeriodMonth="5" PeriodYear="2025" PeriodDay="8" DistrictCode="7074A6" DealerCode="0900532115">
  <LogFile>
    <Data>CustomerData</Data>
    <Filename>A_CM_0900532115_7074A6_05132025024554.xml</Filename>
    <RecordCount>0</RecordCount>
    <Status>Error</Status>
    <Transmission>No Internet Connection</Transmission>
    <Remarks> Please check Internet Connection : Unable to connect to the remote server :  : 2025-05-13</Remarks>
    <Date>05/13/2025 02:47:56</Date>
  </LogFile>
  <LogFile>
    <Data>SalesData</Data>
    <Filename>A_SD_0900532115_7074A6_05132025024554.xml</Filename>
    <RecordCount>0</RecordCount>
    <Status>Error</Status>
    <Transmission>No Internet Connection</Transmission>
    <Remarks> Please check Internet Connection : Unable to connect to the remote server :  : 2025-05-13</Remarks>
    <Date>05/13/2025 02:49:42</Date>
  </LogFile>
</LogFileData>