<LogFileData TotalRecords="0" TransactionDate="08/27/2025" PeriodMonth="8" PeriodYear="2025" PeriodDay="27" DistrictCode="7074A6" DealerCode="0900532115">
  <LogFile>
    <Data>CustomerData</Data>
    <Filename>A_CM_0900532115_7074A6_08302025102927.xml</Filename>
    <RecordCount>1426</RecordCount>
    <Status>Error</Status>
    <ValidXML>true</ValidXML>
    <Transmission>No Internet Connection</Transmission>
    <Remarks />
    <Date>08/30/2025 10:29:46</Date>
  </LogFile>
  <LogFile>
    <Data>SalesData</Data>
    <Filename>A_SD_0900532115_7074A6_08302025102927.xml</Filename>
    <RecordCount>0</RecordCount>
    <Status>Error</Status>
    <ValidXML>true</ValidXML>
    <Transmission>No Internet Connection</Transmission>
    <Remarks />
    <Date>08/30/2025 10:29:46</Date>
  </LogFile>
</LogFileData>