<LogFileData TotalRecords="2" TransactionDate="08/08/2025" PeriodMonth="8" PeriodYear="2025" PeriodDay="8" DistrictCode="7074A6" DealerCode="0900532115">
  <LogFile>
    <Data>CustomerData</Data>
    <Filename>A_CM_0900532115_7074A6_08092025024908.xml</Filename>
    <RecordCount>1425</RecordCount>
    <Status>Successful</Status>
    <ValidXML>true</ValidXML>
    <Transmission>Transfered to Synermaxx : 2025-08-09</Transmission>
    <Remarks />
    <Date>08/09/2025 02:49:38</Date>
  </LogFile>
  <LogFile>
    <Data>SalesData</Data>
    <Filename>A_SD_0900532115_7074A6_08092025024908.xml</Filename>
    <RecordCount>75</RecordCount>
    <Status>Successful</Status>
    <ValidXML>true</ValidXML>
    <Transmission>Transfered to Synermaxx : 2025-08-09</Transmission>
    <Remarks />
    <Date>08/09/2025 02:49:47</Date>
  </LogFile>
</LogFileData>