<LogFileData TotalRecords="2" TransactionDate="09/27/2025" PeriodMonth="9" PeriodYear="2025" PeriodDay="27" DistrictCode="7074A6" DealerCode="0900532115">
  <LogFile>
    <Data>CustomerData</Data>
    <Filename>A_CM_0900532115_7074A6_09292025031545.xml</Filename>
    <RecordCount>1436</RecordCount>
    <Status>Successful</Status>
    <ValidXML>true</ValidXML>
    <Transmission>Transfered to Synermaxx : 2025-09-29</Transmission>
    <Remarks />
    <Date>09/29/2025 03:16:18</Date>
  </LogFile>
  <LogFile>
    <Data>SalesData</Data>
    <Filename>A_SD_0900532115_7074A6_09292025031545.xml</Filename>
    <RecordCount>29</RecordCount>
    <Status>Successful</Status>
    <ValidXML>true</ValidXML>
    <Transmission>Transfered to Synermaxx : 2025-09-29</Transmission>
    <Remarks />
    <Date>09/29/2025 03:16:26</Date>
  </LogFile>
</LogFileData>