<LogFileData TotalRecords="2" TransactionDate="06/24/2025" PeriodMonth="6" PeriodYear="2025" PeriodDay="24" DistrictCode="7074A6" DealerCode="0900532115">
  <LogFile>
    <Data>CustomerData</Data>
    <Filename>A_CM_0900532115_7074A6_06252025103143.xml</Filename>
    <RecordCount>1383</RecordCount>
    <Status>Successful</Status>
    <ValidXML>true</ValidXML>
    <Transmission>Transfered to Synermaxx : 2025-06-25</Transmission>
    <Remarks />
    <Date>06/25/2025 10:32:11</Date>
  </LogFile>
  <LogFile>
    <Data>SalesData</Data>
    <Filename>A_SD_0900532115_7074A6_06252025103143.xml</Filename>
    <RecordCount>101</RecordCount>
    <Status>Successful</Status>
    <ValidXML>true</ValidXML>
    <Transmission>Transfered to Synermaxx : 2025-06-25</Transmission>
    <Remarks />
    <Date>06/25/2025 10:32:20</Date>
  </LogFile>
</LogFileData>