<LogFileData TotalRecords="2" TransactionDate="06/27/2025" PeriodMonth="6" PeriodYear="2025" PeriodDay="27" DistrictCode="7074A6" DealerCode="0900532115">
  <LogFile>
    <Data>CustomerData</Data>
    <Filename>A_CM_0900532115_7074A6_06282025015825.xml</Filename>
    <RecordCount>1394</RecordCount>
    <Status>Successful</Status>
    <ValidXML>true</ValidXML>
    <Transmission>Transfered to Synermaxx : 2025-06-28</Transmission>
    <Remarks />
    <Date>06/28/2025 01:58:55</Date>
  </LogFile>
  <LogFile>
    <Data>SalesData</Data>
    <Filename>A_SD_0900532115_7074A6_06282025015825.xml</Filename>
    <RecordCount>91</RecordCount>
    <Status>Successful</Status>
    <ValidXML>true</ValidXML>
    <Transmission>Transfered to Synermaxx : 2025-06-28</Transmission>
    <Remarks />
    <Date>06/28/2025 01:59:05</Date>
  </LogFile>
</LogFileData>