<LogFileData TotalRecords="2" TransactionDate="09/01/2025" PeriodMonth="9" PeriodYear="2025" PeriodDay="1" DistrictCode="7074A6" DealerCode="0900532115">
  <LogFile>
    <Data>CustomerData</Data>
    <Filename>A_CM_0900532115_7074A6_09032025095438.xml</Filename>
    <RecordCount>1426</RecordCount>
    <Status>Successful</Status>
    <ValidXML>true</ValidXML>
    <Transmission>Transfered to Synermaxx : 2025-09-03</Transmission>
    <Remarks />
    <Date>09/03/2025 09:55:08</Date>
  </LogFile>
  <LogFile>
    <Data>SalesData</Data>
    <Filename>A_SD_0900532115_7074A6_09032025095438.xml</Filename>
    <RecordCount>55</RecordCount>
    <Status>Successful</Status>
    <ValidXML>true</ValidXML>
    <Transmission>Transfered to Synermaxx : 2025-09-03</Transmission>
    <Remarks />
    <Date>09/03/2025 09:55:17</Date>
  </LogFile>
</LogFileData>