<LogFileData TotalRecords="2" TransactionDate="07/08/2025" PeriodMonth="7" PeriodYear="2025" PeriodDay="8" DistrictCode="7074A6" DealerCode="0900532115">
  <LogFile>
    <Data>CustomerData</Data>
    <Filename>A_CM_0900532115_7074A6_07102025105152.xml</Filename>
    <RecordCount>1400</RecordCount>
    <Status>Successful</Status>
    <ValidXML>true</ValidXML>
    <Transmission>Transfered to Synermaxx : 2025-07-10</Transmission>
    <Remarks />
    <Date>07/10/2025 10:52:21</Date>
  </LogFile>
  <LogFile>
    <Data>SalesData</Data>
    <Filename>A_SD_0900532115_7074A6_07102025105152.xml</Filename>
    <RecordCount>134</RecordCount>
    <Status>Successful</Status>
    <ValidXML>true</ValidXML>
    <Transmission>Transfered to Synermaxx : 2025-07-10</Transmission>
    <Remarks />
    <Date>07/10/2025 10:52:31</Date>
  </LogFile>
</LogFileData>