<LogFileData TotalRecords="2" TransactionDate="06/30/2025" PeriodMonth="6" PeriodYear="2025" PeriodDay="30" DistrictCode="7074A6" DealerCode="0900532115">
  <LogFile>
    <Data>CustomerData</Data>
    <Filename>A_CM_0900532115_7074A6_07022025011208.xml</Filename>
    <RecordCount>1395</RecordCount>
    <Status>Successful</Status>
    <ValidXML>true</ValidXML>
    <Transmission>Transfered to Synermaxx : 2025-07-02</Transmission>
    <Remarks />
    <Date>07/02/2025 01:12:38</Date>
  </LogFile>
  <LogFile>
    <Data>SalesData</Data>
    <Filename>A_SD_0900532115_7074A6_07022025011208.xml</Filename>
    <RecordCount>104</RecordCount>
    <Status>Successful</Status>
    <ValidXML>true</ValidXML>
    <Transmission>Transfered to Synermaxx : 2025-07-02</Transmission>
    <Remarks />
    <Date>07/02/2025 01:12:48</Date>
  </LogFile>
</LogFileData>