<LogFileData TotalRecords="2" TransactionDate="08/06/2025" PeriodMonth="8" PeriodYear="2025" PeriodDay="6" DistrictCode="7074A6" DealerCode="0900532115">
  <LogFile>
    <Data>CustomerData</Data>
    <Filename>A_CM_0900532115_7074A6_08082025013312.xml</Filename>
    <RecordCount>1422</RecordCount>
    <Status>Successful</Status>
    <ValidXML>true</ValidXML>
    <Transmission>Transfered to Synermaxx : 2025-08-08</Transmission>
    <Remarks />
    <Date>08/08/2025 01:33:43</Date>
  </LogFile>
  <LogFile>
    <Data>SalesData</Data>
    <Filename>A_SD_0900532115_7074A6_08082025013312.xml</Filename>
    <RecordCount>0</RecordCount>
    <Status>Successful</Status>
    <ValidXML>true</ValidXML>
    <Transmission>Transfered to Synermaxx : 2025-08-08</Transmission>
    <Remarks />
    <Date>08/08/2025 01:33:51</Date>
  </LogFile>
</LogFileData>