<LogFileData TotalRecords="2" TransactionDate="05/18/2025" PeriodMonth="5" PeriodYear="2025" PeriodDay="18" DistrictCode="7074A6" DealerCode="0900532115">
  <LogFile>
    <Data>CustomerData</Data>
    <Filename>A_CM_0900532115_7074A6_05212025044156.xml</Filename>
    <RecordCount>1314</RecordCount>
    <Status>Successful</Status>
    <ValidXML>true</ValidXML>
    <Transmission>Transfered to Synermaxx : 2025-05-21</Transmission>
    <Remarks />
    <Date>05/21/2025 04:42:24</Date>
  </LogFile>
  <LogFile>
    <Data>SalesData</Data>
    <Filename>A_SD_0900532115_7074A6_05212025044156.xml</Filename>
    <RecordCount>91</RecordCount>
    <Status>Successful</Status>
    <ValidXML>true</ValidXML>
    <Transmission>Transfered to Synermaxx : 2025-05-21</Transmission>
    <Remarks />
    <Date>05/21/2025 04:42:33</Date>
  </LogFile>
</LogFileData>