<LogFileData TotalRecords="2" TransactionDate="05/31/2025" PeriodMonth="5" PeriodYear="2025" PeriodDay="31" DistrictCode="7074A6" DealerCode="0900532115">
  <LogFile>
    <Data>CustomerData</Data>
    <Filename>A_CM_0900532115_7074A6_06032025035033.xml</Filename>
    <RecordCount>1343</RecordCount>
    <Status>Successful</Status>
    <ValidXML>true</ValidXML>
    <Transmission>Transfered to Synermaxx : 2025-06-03</Transmission>
    <Remarks />
    <Date>06/03/2025 03:51:02</Date>
  </LogFile>
  <LogFile>
    <Data>SalesData</Data>
    <Filename>A_SD_0900532115_7074A6_06032025035033.xml</Filename>
    <RecordCount>103</RecordCount>
    <Status>Successful</Status>
    <ValidXML>true</ValidXML>
    <Transmission>Transfered to Synermaxx : 2025-06-03</Transmission>
    <Remarks />
    <Date>06/03/2025 03:51:12</Date>
  </LogFile>
</LogFileData>