<LogFileData TotalRecords="2" TransactionDate="05/27/2025" PeriodMonth="5" PeriodYear="2025" PeriodDay="27" DistrictCode="7074A6" DealerCode="0900532115">
  <LogFile>
    <Data>CustomerData</Data>
    <Filename>A_CM_0900532115_7074A6_05282025024543.xml</Filename>
    <RecordCount>1335</RecordCount>
    <Status>Successful</Status>
    <ValidXML>true</ValidXML>
    <Transmission>Transfered to Synermaxx : 2025-05-28</Transmission>
    <Remarks />
    <Date>05/28/2025 02:46:25</Date>
  </LogFile>
  <LogFile>
    <Data>SalesData</Data>
    <Filename>A_SD_0900532115_7074A6_05282025024543.xml</Filename>
    <RecordCount>59</RecordCount>
    <Status>Successful</Status>
    <ValidXML>true</ValidXML>
    <Transmission>Transfered to Synermaxx : 2025-05-28</Transmission>
    <Remarks />
    <Date>05/28/2025 02:46:46</Date>
  </LogFile>
</LogFileData>