<LogFileData TotalRecords="2" TransactionDate="05/01/2025" PeriodMonth="5" PeriodYear="2025" PeriodDay="1" DistrictCode="7074A6" DealerCode="0900532115">
  <LogFile>
    <Data>CustomerData</Data>
    <Filename>A_CM_0900532115_7074A6_05052025125743.xml</Filename>
    <RecordCount>1305</RecordCount>
    <Status>Successful</Status>
    <ValidXML>true</ValidXML>
    <Transmission>Transfered to Synermaxx : 2025-05-05</Transmission>
    <Remarks />
    <Date>05/05/2025 12:58:11</Date>
  </LogFile>
  <LogFile>
    <Data>SalesData</Data>
    <Filename>A_SD_0900532115_7074A6_05052025125743.xml</Filename>
    <RecordCount>84</RecordCount>
    <Status>Successful</Status>
    <ValidXML>true</ValidXML>
    <Transmission>Transfered to Synermaxx : 2025-05-05</Transmission>
    <Remarks />
    <Date>05/05/2025 12:58:20</Date>
  </LogFile>
</LogFileData>