<LogFileData TotalRecords="2" TransactionDate="09/28/2025" PeriodMonth="9" PeriodYear="2025" PeriodDay="28" DistrictCode="7074A6" DealerCode="0900532115">
  <LogFile>
    <Data>CustomerData</Data>
    <Filename>A_CM_0900532115_7074A6_09302025022349.xml</Filename>
    <RecordCount>1436</RecordCount>
    <Status>Successful</Status>
    <ValidXML>true</ValidXML>
    <Transmission>Transfered to Synermaxx : 2025-09-30</Transmission>
    <Remarks />
    <Date>09/30/2025 02:24:18</Date>
  </LogFile>
  <LogFile>
    <Data>SalesData</Data>
    <Filename>A_SD_0900532115_7074A6_09302025022349.xml</Filename>
    <RecordCount>0</RecordCount>
    <Status>Successful</Status>
    <ValidXML>true</ValidXML>
    <Transmission>Transfered to Synermaxx : 2025-09-30</Transmission>
    <Remarks />
    <Date>09/30/2025 02:24:26</Date>
  </LogFile>
</LogFileData>