<LogFileData TotalRecords="2" TransactionDate="05/05/2025" PeriodMonth="5" PeriodYear="2025" PeriodDay="5" DistrictCode="7074A6" DealerCode="0900532115">
  <LogFile>
    <Data>CustomerData</Data>
    <Filename>A_CM_0900532115_7074A6_05082025050644.xml</Filename>
    <RecordCount>1311</RecordCount>
    <Status>Successful</Status>
    <ValidXML>true</ValidXML>
    <Transmission>Transfered to Synermaxx : 2025-05-08</Transmission>
    <Remarks />
    <Date>05/08/2025 05:07:12</Date>
  </LogFile>
  <LogFile>
    <Data>SalesData</Data>
    <Filename>A_SD_0900532115_7074A6_05082025050644.xml</Filename>
    <RecordCount>122</RecordCount>
    <Status>Successful</Status>
    <ValidXML>true</ValidXML>
    <Transmission>Transfered to Synermaxx : 2025-05-08</Transmission>
    <Remarks />
    <Date>05/08/2025 05:07:21</Date>
  </LogFile>
</LogFileData>