<LogFileData TotalRecords="2" TransactionDate="08/12/2025" PeriodMonth="8" PeriodYear="2025" PeriodDay="12" DistrictCode="7074A6" DealerCode="0900532115">
  <LogFile>
    <Data>CustomerData</Data>
    <Filename>A_CM_0900532115_7074A6_08132025023641.xml</Filename>
    <RecordCount>1425</RecordCount>
    <Status>Successful</Status>
    <ValidXML>true</ValidXML>
    <Transmission>Transfered to Synermaxx : 2025-08-13</Transmission>
    <Remarks />
    <Date>08/13/2025 02:37:15</Date>
  </LogFile>
  <LogFile>
    <Data>SalesData</Data>
    <Filename>A_SD_0900532115_7074A6_08132025023641.xml</Filename>
    <RecordCount>97</RecordCount>
    <Status>Successful</Status>
    <ValidXML>true</ValidXML>
    <Transmission>Transfered to Synermaxx : 2025-08-13</Transmission>
    <Remarks />
    <Date>08/13/2025 02:37:27</Date>
  </LogFile>
</LogFileData>