<LogFileData TotalRecords="2" TransactionDate="09/20/2025" PeriodMonth="9" PeriodYear="2025" PeriodDay="20" DistrictCode="7074A6" DealerCode="0900532115">
  <LogFile>
    <Data>CustomerData</Data>
    <Filename>A_CM_0900532115_7074A6_09222025015852.xml</Filename>
    <RecordCount>1432</RecordCount>
    <Status>Successful</Status>
    <ValidXML>true</ValidXML>
    <Transmission>Transfered to Synermaxx : 2025-09-22</Transmission>
    <Remarks />
    <Date>09/22/2025 01:59:23</Date>
  </LogFile>
  <LogFile>
    <Data>SalesData</Data>
    <Filename>A_SD_0900532115_7074A6_09222025015852.xml</Filename>
    <RecordCount>67</RecordCount>
    <Status>Successful</Status>
    <ValidXML>true</ValidXML>
    <Transmission>Transfered to Synermaxx : 2025-09-22</Transmission>
    <Remarks />
    <Date>09/22/2025 01:59:31</Date>
  </LogFile>
</LogFileData>