<LogFileData TotalRecords="2" TransactionDate="07/03/2025" PeriodMonth="7" PeriodYear="2025" PeriodDay="3" DistrictCode="7074A6" DealerCode="0900532115">
  <LogFile>
    <Data>CustomerData</Data>
    <Filename>A_CM_0900532115_7074A6_07042025015159.xml</Filename>
    <RecordCount>1398</RecordCount>
    <Status>Successful</Status>
    <ValidXML>true</ValidXML>
    <Transmission>Transfered to Synermaxx : 2025-07-04</Transmission>
    <Remarks />
    <Date>07/04/2025 01:52:27</Date>
  </LogFile>
  <LogFile>
    <Data>SalesData</Data>
    <Filename>A_SD_0900532115_7074A6_07042025015159.xml</Filename>
    <RecordCount>102</RecordCount>
    <Status>Successful</Status>
    <ValidXML>true</ValidXML>
    <Transmission>Transfered to Synermaxx : 2025-07-04</Transmission>
    <Remarks />
    <Date>07/04/2025 01:52:36</Date>
  </LogFile>
</LogFileData>