<LogFileData TotalRecords="2" TransactionDate="06/16/2025" PeriodMonth="6" PeriodYear="2025" PeriodDay="16" DistrictCode="7074A6" DealerCode="0900532115">
  <LogFile>
    <Data>CustomerData</Data>
    <Filename>A_CM_0900532115_7074A6_06172025104000.xml</Filename>
    <RecordCount>1368</RecordCount>
    <Status>Successful</Status>
    <ValidXML>true</ValidXML>
    <Transmission>Transfered to Synermaxx : 2025-06-17</Transmission>
    <Remarks />
    <Date>06/17/2025 10:40:28</Date>
  </LogFile>
  <LogFile>
    <Data>SalesData</Data>
    <Filename>A_SD_0900532115_7074A6_06172025104000.xml</Filename>
    <RecordCount>77</RecordCount>
    <Status>Successful</Status>
    <ValidXML>true</ValidXML>
    <Transmission>Transfered to Synermaxx : 2025-06-17</Transmission>
    <Remarks />
    <Date>06/17/2025 10:40:37</Date>
  </LogFile>
</LogFileData>