<LogFileData TotalRecords="2" TransactionDate="06/13/2025" PeriodMonth="6" PeriodYear="2025" PeriodDay="13" DistrictCode="7074A6" DealerCode="0900532115">
  <LogFile>
    <Data>CustomerData</Data>
    <Filename>A_CM_0900532115_7074A6_06142025013841.xml</Filename>
    <RecordCount>1365</RecordCount>
    <Status>Successful</Status>
    <ValidXML>true</ValidXML>
    <Transmission>Transfered to Synermaxx : 2025-06-14</Transmission>
    <Remarks />
    <Date>06/14/2025 01:39:10</Date>
  </LogFile>
  <LogFile>
    <Data>SalesData</Data>
    <Filename>A_SD_0900532115_7074A6_06142025013841.xml</Filename>
    <RecordCount>114</RecordCount>
    <Status>Successful</Status>
    <ValidXML>true</ValidXML>
    <Transmission>Transfered to Synermaxx : 2025-06-14</Transmission>
    <Remarks />
    <Date>06/14/2025 01:39:20</Date>
  </LogFile>
</LogFileData>