<LogFileData TotalRecords="2" TransactionDate="07/28/2025" PeriodMonth="7" PeriodYear="2025" PeriodDay="28" DistrictCode="7074A6" DealerCode="0900532115">
  <LogFile>
    <Data>CustomerData</Data>
    <Filename>A_CM_0900532115_7074A6_07302025101220.xml</Filename>
    <RecordCount>1419</RecordCount>
    <Status>Successful</Status>
    <ValidXML>true</ValidXML>
    <Transmission>Transfered to Synermaxx : 2025-07-30</Transmission>
    <Remarks />
    <Date>07/30/2025 10:12:49</Date>
  </LogFile>
  <LogFile>
    <Data>SalesData</Data>
    <Filename>A_SD_0900532115_7074A6_07302025101220.xml</Filename>
    <RecordCount>88</RecordCount>
    <Status>Successful</Status>
    <ValidXML>true</ValidXML>
    <Transmission>Transfered to Synermaxx : 2025-07-30</Transmission>
    <Remarks />
    <Date>07/30/2025 10:12:58</Date>
  </LogFile>
</LogFileData>