<LogFileData TotalRecords="2" TransactionDate="08/15/2025" PeriodMonth="8" PeriodYear="2025" PeriodDay="15" DistrictCode="7074A6" DealerCode="0900532115">
  <LogFile>
    <Data>CustomerData</Data>
    <Filename>A_CM_0900532115_7074A6_08182025114501.xml</Filename>
    <RecordCount>1425</RecordCount>
    <Status>Successful</Status>
    <ValidXML>true</ValidXML>
    <Transmission>Transfered to Synermaxx : 2025-08-18</Transmission>
    <Remarks />
    <Date>08/18/2025 11:45:30</Date>
  </LogFile>
  <LogFile>
    <Data>SalesData</Data>
    <Filename>A_SD_0900532115_7074A6_08182025114501.xml</Filename>
    <RecordCount>0</RecordCount>
    <Status>Successful</Status>
    <ValidXML>true</ValidXML>
    <Transmission>Transfered to Synermaxx : 2025-08-18</Transmission>
    <Remarks />
    <Date>08/18/2025 11:45:39</Date>
  </LogFile>
</LogFileData>