<LogFileData TotalRecords="2" TransactionDate="08/09/2025" PeriodMonth="8" PeriodYear="2025" PeriodDay="9" DistrictCode="7074A6" DealerCode="0900532115">
  <LogFile>
    <Data>CustomerData</Data>
    <Filename>A_CM_0900532115_7074A6_08112025030413.xml</Filename>
    <RecordCount>1425</RecordCount>
    <Status>Successful</Status>
    <ValidXML>true</ValidXML>
    <Transmission>Transfered to Synermaxx : 2025-08-11</Transmission>
    <Remarks />
    <Date>08/11/2025 03:04:44</Date>
  </LogFile>
  <LogFile>
    <Data>SalesData</Data>
    <Filename>A_SD_0900532115_7074A6_08112025030413.xml</Filename>
    <RecordCount>102</RecordCount>
    <Status>Successful</Status>
    <ValidXML>true</ValidXML>
    <Transmission>Transfered to Synermaxx : 2025-08-11</Transmission>
    <Remarks />
    <Date>08/11/2025 03:04:55</Date>
  </LogFile>
</LogFileData>