<LogFileData TotalRecords="0" TransactionDate="09/08/2025" PeriodMonth="9" PeriodYear="2025" PeriodDay="8" DistrictCode="7074A6" DealerCode="0900532115">
  <LogFile>
    <Data>CustomerData</Data>
    <Filename>A_CM_0900532115_7074A6_09102025095221.xml</Filename>
    <RecordCount>0</RecordCount>
    <Status>Error</Status>
    <Transmission>No Internet Connection</Transmission>
    <Remarks> Please check Internet Connection : Unable to connect to the remote server :  : 2025-09-10</Remarks>
    <Date>09/10/2025 09:54:26</Date>
  </LogFile>
  <LogFile>
    <Data>SalesData</Data>
    <Filename>A_SD_0900532115_7074A6_09102025095221.xml</Filename>
    <RecordCount>0</RecordCount>
    <Status>Error</Status>
    <Transmission>No Internet Connection</Transmission>
    <Remarks> Please check Internet Connection : Unable to connect to the remote server :  : 2025-09-10</Remarks>
    <Date>09/10/2025 09:56:12</Date>
  </LogFile>
</LogFileData>