<LogFileData TotalRecords="2" TransactionDate="08/16/2025" PeriodMonth="8" PeriodYear="2025" PeriodDay="16" DistrictCode="7074A6" DealerCode="0900532115">
  <LogFile>
    <Data>CustomerData</Data>
    <Filename>A_CM_0900532115_7074A6_08182025030241.xml</Filename>
    <RecordCount>1425</RecordCount>
    <Status>Successful</Status>
    <ValidXML>true</ValidXML>
    <Transmission>Transfered to Synermaxx : 2025-08-18</Transmission>
    <Remarks />
    <Date>08/18/2025 03:03:10</Date>
  </LogFile>
  <LogFile>
    <Data>SalesData</Data>
    <Filename>A_SD_0900532115_7074A6_08182025030241.xml</Filename>
    <RecordCount>85</RecordCount>
    <Status>Successful</Status>
    <ValidXML>true</ValidXML>
    <Transmission>Transfered to Synermaxx : 2025-08-18</Transmission>
    <Remarks />
    <Date>08/18/2025 03:03:18</Date>
  </LogFile>
</LogFileData>