<LogFileData TotalRecords="0" TransactionDate="08/18/2025" PeriodMonth="8" PeriodYear="2025" PeriodDay="18" DistrictCode="7074A6" DealerCode="0900532115">
  <LogFile>
    <Data>CustomerData</Data>
    <Filename>A_CM_0900532115_7074A6_08192025015948.xml</Filename>
    <RecordCount>1425</RecordCount>
    <Status>Error</Status>
    <ValidXML>true</ValidXML>
    <Transmission>No Internet Connection</Transmission>
    <Remarks />
    <Date>08/19/2025 02:00:07</Date>
  </LogFile>
  <LogFile>
    <Data>SalesData</Data>
    <Filename>A_SD_0900532115_7074A6_08192025015948.xml</Filename>
    <RecordCount>66</RecordCount>
    <Status>Error</Status>
    <ValidXML>true</ValidXML>
    <Transmission>No Internet Connection</Transmission>
    <Remarks />
    <Date>08/19/2025 02:00:07</Date>
  </LogFile>
</LogFileData>