<LogFileData TotalRecords="2" TransactionDate="07/31/2025" PeriodMonth="7" PeriodYear="2025" PeriodDay="31" DistrictCode="7074A6" DealerCode="0900532115">
  <LogFile>
    <Data>CustomerData</Data>
    <Filename>A_CM_0900532115_7074A6_08022025014720.xml</Filename>
    <RecordCount>1419</RecordCount>
    <Status>Successful</Status>
    <ValidXML>true</ValidXML>
    <Transmission>Transfered to Synermaxx : 2025-08-02</Transmission>
    <Remarks />
    <Date>08/02/2025 01:47:49</Date>
  </LogFile>
  <LogFile>
    <Data>SalesData</Data>
    <Filename>A_SD_0900532115_7074A6_08022025014720.xml</Filename>
    <RecordCount>85</RecordCount>
    <Status>Successful</Status>
    <ValidXML>true</ValidXML>
    <Transmission>Transfered to Synermaxx : 2025-08-02</Transmission>
    <Remarks />
    <Date>08/02/2025 01:47:58</Date>
  </LogFile>
</LogFileData>