<LogFileData TotalRecords="2" TransactionDate="09/11/2025" PeriodMonth="9" PeriodYear="2025" PeriodDay="11" DistrictCode="7074A6" DealerCode="0900532115">
  <LogFile>
    <Data>CustomerData</Data>
    <Filename>A_CM_0900532115_7074A6_09132025011830.xml</Filename>
    <RecordCount>1429</RecordCount>
    <Status>Successful</Status>
    <ValidXML>true</ValidXML>
    <Transmission>Transfered to Synermaxx : 2025-09-13</Transmission>
    <Remarks />
    <Date>09/13/2025 01:18:59</Date>
  </LogFile>
  <LogFile>
    <Data>SalesData</Data>
    <Filename>A_SD_0900532115_7074A6_09132025011830.xml</Filename>
    <RecordCount>0</RecordCount>
    <Status>Successful</Status>
    <ValidXML>true</ValidXML>
    <Transmission>Transfered to Synermaxx : 2025-09-13</Transmission>
    <Remarks />
    <Date>09/13/2025 01:19:07</Date>
  </LogFile>
</LogFileData>