<LogFileData TotalRecords="2" TransactionDate="08/22/2025" PeriodMonth="8" PeriodYear="2025" PeriodDay="22" DistrictCode="7074A6" DealerCode="0900532115">
  <LogFile>
    <Data>CustomerData</Data>
    <Filename>A_CM_0900532115_7074A6_08232025012756.xml</Filename>
    <RecordCount>1425</RecordCount>
    <Status>Successful</Status>
    <ValidXML>true</ValidXML>
    <Transmission>Transfered to Synermaxx : 2025-08-23</Transmission>
    <Remarks />
    <Date>08/23/2025 01:28:27</Date>
  </LogFile>
  <LogFile>
    <Data>SalesData</Data>
    <Filename>A_SD_0900532115_7074A6_08232025012756.xml</Filename>
    <RecordCount>127</RecordCount>
    <Status>Successful</Status>
    <ValidXML>true</ValidXML>
    <Transmission>Transfered to Synermaxx : 2025-08-23</Transmission>
    <Remarks />
    <Date>08/23/2025 01:28:36</Date>
  </LogFile>
</LogFileData>