<LogFileData TotalRecords="0" TransactionDate="08/01/2025" PeriodMonth="8" PeriodYear="2025" PeriodDay="1" DistrictCode="7074A6" DealerCode="0900532115">
  <LogFile>
    <Data>CustomerData</Data>
    <Filename>A_CM_0900532115_7074A6_08042025042923.xml</Filename>
    <RecordCount>0</RecordCount>
    <Status>Error</Status>
    <Transmission>No Internet Connection</Transmission>
    <Remarks> Please check Internet Connection : The underlying connection was closed: An unexpected error occurred on a receive. :  : 2025-08-04</Remarks>
    <Date>08/04/2025 04:31:31</Date>
  </LogFile>
  <LogFile>
    <Data>SalesData</Data>
    <Filename>A_SD_0900532115_7074A6_08042025042923.xml</Filename>
    <RecordCount>0</RecordCount>
    <Status>Error</Status>
    <Transmission>No Internet Connection</Transmission>
    <Remarks> Please check Internet Connection : Unable to connect to the remote server :  : 2025-08-04</Remarks>
    <Date>08/04/2025 04:32:21</Date>
  </LogFile>
</LogFileData>