<LogFileData TotalRecords="2" TransactionDate="05/23/2025" PeriodMonth="5" PeriodYear="2025" PeriodDay="23" DistrictCode="7074A6" DealerCode="0900532115">
  <LogFile>
    <Data>CustomerData</Data>
    <Filename>A_CM_0900532115_7074A6_05262025041406.xml</Filename>
    <RecordCount>1331</RecordCount>
    <Status>Successful</Status>
    <ValidXML>true</ValidXML>
    <Transmission>Transfered to Synermaxx : 2025-05-26</Transmission>
    <Remarks />
    <Date>05/26/2025 04:14:34</Date>
  </LogFile>
  <LogFile>
    <Data>SalesData</Data>
    <Filename>A_SD_0900532115_7074A6_05262025041406.xml</Filename>
    <RecordCount>79</RecordCount>
    <Status>Successful</Status>
    <ValidXML>true</ValidXML>
    <Transmission>Transfered to Synermaxx : 2025-05-26</Transmission>
    <Remarks />
    <Date>05/26/2025 04:14:44</Date>
  </LogFile>
</LogFileData>