<LogFileData TotalRecords="2" TransactionDate="07/26/2025" PeriodMonth="7" PeriodYear="2025" PeriodDay="26" DistrictCode="7074A6" DealerCode="0900532115">
  <LogFile>
    <Data>CustomerData</Data>
    <Filename>A_CM_0900532115_7074A6_07282025035034.xml</Filename>
    <RecordCount>1418</RecordCount>
    <Status>Successful</Status>
    <ValidXML>true</ValidXML>
    <Transmission>Transfered to Synermaxx : 2025-07-28</Transmission>
    <Remarks />
    <Date>07/28/2025 03:51:02</Date>
  </LogFile>
  <LogFile>
    <Data>SalesData</Data>
    <Filename>A_SD_0900532115_7074A6_07282025035034.xml</Filename>
    <RecordCount>74</RecordCount>
    <Status>Successful</Status>
    <ValidXML>true</ValidXML>
    <Transmission>Transfered to Synermaxx : 2025-07-28</Transmission>
    <Remarks />
    <Date>07/28/2025 03:51:11</Date>
  </LogFile>
</LogFileData>