<LogFileData TotalRecords="2" TransactionDate="09/25/2025" PeriodMonth="9" PeriodYear="2025" PeriodDay="25" DistrictCode="7074A6" DealerCode="0900532115">
  <LogFile>
    <Data>CustomerData</Data>
    <Filename>A_CM_0900532115_7074A6_09262025105203.xml</Filename>
    <RecordCount>1436</RecordCount>
    <Status>Successful</Status>
    <ValidXML>true</ValidXML>
    <Transmission>Transfered to Synermaxx : 2025-09-26</Transmission>
    <Remarks />
    <Date>09/26/2025 10:52:34</Date>
  </LogFile>
  <LogFile>
    <Data>SalesData</Data>
    <Filename>A_SD_0900532115_7074A6_09262025105203.xml</Filename>
    <RecordCount>39</RecordCount>
    <Status>Successful</Status>
    <ValidXML>true</ValidXML>
    <Transmission>Transfered to Synermaxx : 2025-09-26</Transmission>
    <Remarks />
    <Date>09/26/2025 10:52:43</Date>
  </LogFile>
</LogFileData>