<LogFileData TotalRecords="2" TransactionDate="07/10/2025" PeriodMonth="7" PeriodYear="2025" PeriodDay="10" DistrictCode="7074A6" DealerCode="0900532115">
  <LogFile>
    <Data>CustomerData</Data>
    <Filename>A_CM_0900532115_7074A6_07112025112656.xml</Filename>
    <RecordCount>1400</RecordCount>
    <Status>Successful</Status>
    <ValidXML>true</ValidXML>
    <Transmission>Transfered to Synermaxx : 2025-07-11</Transmission>
    <Remarks />
    <Date>07/11/2025 11:27:25</Date>
  </LogFile>
  <LogFile>
    <Data>SalesData</Data>
    <Filename>A_SD_0900532115_7074A6_07112025112656.xml</Filename>
    <RecordCount>60</RecordCount>
    <Status>Successful</Status>
    <ValidXML>true</ValidXML>
    <Transmission>Transfered to Synermaxx : 2025-07-11</Transmission>
    <Remarks />
    <Date>07/11/2025 11:27:34</Date>
  </LogFile>
</LogFileData>