<LogFileData TotalRecords="2" TransactionDate="05/10/2025" PeriodMonth="5" PeriodYear="2025" PeriodDay="10" DistrictCode="7074A6" DealerCode="0900532115">
  <LogFile>
    <Data>CustomerData</Data>
    <Filename>A_CM_0900532115_7074A6_05142025040131.xml</Filename>
    <RecordCount>1313</RecordCount>
    <Status>Successful</Status>
    <ValidXML>true</ValidXML>
    <Transmission>Transfered to Synermaxx : 2025-05-14</Transmission>
    <Remarks />
    <Date>05/14/2025 04:01:58</Date>
  </LogFile>
  <LogFile>
    <Data>SalesData</Data>
    <Filename>A_SD_0900532115_7074A6_05142025040131.xml</Filename>
    <RecordCount>111</RecordCount>
    <Status>Successful</Status>
    <ValidXML>true</ValidXML>
    <Transmission>Transfered to Synermaxx : 2025-05-14</Transmission>
    <Remarks />
    <Date>05/14/2025 04:02:08</Date>
  </LogFile>
</LogFileData>