<LogFileData TotalRecords="2" TransactionDate="08/10/2025" PeriodMonth="8" PeriodYear="2025" PeriodDay="10" DistrictCode="7074A6" DealerCode="0900532115">
  <LogFile>
    <Data>CustomerData</Data>
    <Filename>A_CM_0900532115_7074A6_08122025101906.xml</Filename>
    <RecordCount>1425</RecordCount>
    <Status>Successful</Status>
    <ValidXML>true</ValidXML>
    <Transmission>Transfered to Synermaxx : 2025-08-12</Transmission>
    <Remarks />
    <Date>08/12/2025 10:19:38</Date>
  </LogFile>
  <LogFile>
    <Data>SalesData</Data>
    <Filename>A_SD_0900532115_7074A6_08122025101906.xml</Filename>
    <RecordCount>0</RecordCount>
    <Status>Successful</Status>
    <ValidXML>true</ValidXML>
    <Transmission>Transfered to Synermaxx : 2025-08-12</Transmission>
    <Remarks />
    <Date>08/12/2025 10:19:46</Date>
  </LogFile>
</LogFileData>