<LogFileData TotalRecords="2" TransactionDate="09/14/2025" PeriodMonth="9" PeriodYear="2025" PeriodDay="14" DistrictCode="7074A6" DealerCode="0900532115">
  <LogFile>
    <Data>CustomerData</Data>
    <Filename>A_CM_0900532115_7074A6_09152025041548.xml</Filename>
    <RecordCount>1432</RecordCount>
    <Status>Successful</Status>
    <ValidXML>true</ValidXML>
    <Transmission>Transfered to Synermaxx : 2025-09-15</Transmission>
    <Remarks />
    <Date>09/15/2025 04:16:16</Date>
  </LogFile>
  <LogFile>
    <Data>SalesData</Data>
    <Filename>A_SD_0900532115_7074A6_09152025041548.xml</Filename>
    <RecordCount>4</RecordCount>
    <Status>Successful</Status>
    <ValidXML>true</ValidXML>
    <Transmission>Transfered to Synermaxx : 2025-09-15</Transmission>
    <Remarks />
    <Date>09/15/2025 04:16:24</Date>
  </LogFile>
</LogFileData>