<LogFileData TotalRecords="2" TransactionDate="07/04/2025" PeriodMonth="7" PeriodYear="2025" PeriodDay="4" DistrictCode="7074A6" DealerCode="0900532115">
  <LogFile>
    <Data>CustomerData</Data>
    <Filename>A_CM_0900532115_7074A6_07052025032609.xml</Filename>
    <RecordCount>1398</RecordCount>
    <Status>Successful</Status>
    <ValidXML>true</ValidXML>
    <Transmission>Transfered to Synermaxx : 2025-07-05</Transmission>
    <Remarks />
    <Date>07/05/2025 03:26:38</Date>
  </LogFile>
  <LogFile>
    <Data>SalesData</Data>
    <Filename>A_SD_0900532115_7074A6_07052025032609.xml</Filename>
    <RecordCount>105</RecordCount>
    <Status>Successful</Status>
    <ValidXML>true</ValidXML>
    <Transmission>Transfered to Synermaxx : 2025-07-05</Transmission>
    <Remarks />
    <Date>07/05/2025 03:26:48</Date>
  </LogFile>
</LogFileData>