<LogFileData TotalRecords="2" TransactionDate="06/04/2025" PeriodMonth="6" PeriodYear="2025" PeriodDay="4" DistrictCode="7074A6" DealerCode="0900532115">
  <LogFile>
    <Data>CustomerData</Data>
    <Filename>A_CM_0900532115_7074A6_06062025033031.xml</Filename>
    <RecordCount>1352</RecordCount>
    <Status>Successful</Status>
    <ValidXML>true</ValidXML>
    <Transmission>Transfered to Synermaxx : 2025-06-06</Transmission>
    <Remarks />
    <Date>06/06/2025 03:30:59</Date>
  </LogFile>
  <LogFile>
    <Data>SalesData</Data>
    <Filename>A_SD_0900532115_7074A6_06062025033031.xml</Filename>
    <RecordCount>112</RecordCount>
    <Status>Successful</Status>
    <ValidXML>true</ValidXML>
    <Transmission>Transfered to Synermaxx : 2025-06-06</Transmission>
    <Remarks />
    <Date>06/06/2025 03:31:09</Date>
  </LogFile>
</LogFileData>