<LogFileData TotalRecords="2" TransactionDate="08/19/2025" PeriodMonth="8" PeriodYear="2025" PeriodDay="19" DistrictCode="7074A6" DealerCode="0900532115">
  <LogFile>
    <Data>CustomerData</Data>
    <Filename>A_CM_0900532115_7074A6_08202025011521.xml</Filename>
    <RecordCount>1425</RecordCount>
    <Status>Successful</Status>
    <ValidXML>true</ValidXML>
    <Transmission>Transfered to Synermaxx : 2025-08-20</Transmission>
    <Remarks />
    <Date>08/20/2025 01:15:49</Date>
  </LogFile>
  <LogFile>
    <Data>SalesData</Data>
    <Filename>A_SD_0900532115_7074A6_08202025011521.xml</Filename>
    <RecordCount>104</RecordCount>
    <Status>Successful</Status>
    <ValidXML>true</ValidXML>
    <Transmission>Transfered to Synermaxx : 2025-08-20</Transmission>
    <Remarks />
    <Date>08/20/2025 01:15:59</Date>
  </LogFile>
</LogFileData>