<LogFileData TotalRecords="2" TransactionDate="05/13/2025" PeriodMonth="5" PeriodYear="2025" PeriodDay="13" DistrictCode="7074A6" DealerCode="0900532115">
  <LogFile>
    <Data>CustomerData</Data>
    <Filename>A_CM_0900532115_7074A6_05152025021251.xml</Filename>
    <RecordCount>1314</RecordCount>
    <Status>Successful</Status>
    <ValidXML>true</ValidXML>
    <Transmission>Transfered to Synermaxx : 2025-05-15</Transmission>
    <Remarks />
    <Date>05/15/2025 02:13:18</Date>
  </LogFile>
  <LogFile>
    <Data>SalesData</Data>
    <Filename>A_SD_0900532115_7074A6_05152025021251.xml</Filename>
    <RecordCount>70</RecordCount>
    <Status>Successful</Status>
    <ValidXML>true</ValidXML>
    <Transmission>Transfered to Synermaxx : 2025-05-15</Transmission>
    <Remarks />
    <Date>05/15/2025 02:13:27</Date>
  </LogFile>
</LogFileData>