<LogFileData TotalRecords="2" TransactionDate="09/30/2025" PeriodMonth="9" PeriodYear="2025" PeriodDay="30" DistrictCode="7074A6" DealerCode="0900532115">
  <LogFile>
    <Data>CustomerData</Data>
    <Filename>A_CM_0900532115_7074A6_10042025102542.xml</Filename>
    <RecordCount>1436</RecordCount>
    <Status>Successful</Status>
    <ValidXML>true</ValidXML>
    <Transmission>Transfered to Synermaxx : 2025-10-04</Transmission>
    <Remarks />
    <Date>10/04/2025 10:26:12</Date>
  </LogFile>
  <LogFile>
    <Data>SalesData</Data>
    <Filename>A_SD_0900532115_7074A6_10042025102542.xml</Filename>
    <RecordCount>66</RecordCount>
    <Status>Successful</Status>
    <ValidXML>true</ValidXML>
    <Transmission>Transfered to Synermaxx : 2025-10-04</Transmission>
    <Remarks />
    <Date>10/04/2025 10:26:20</Date>
  </LogFile>
</LogFileData>