<LogFileData TotalRecords="2" TransactionDate="06/06/2025" PeriodMonth="6" PeriodYear="2025" PeriodDay="6" DistrictCode="7074A6" DealerCode="0900532115">
  <LogFile>
    <Data>CustomerData</Data>
    <Filename>A_CM_0900532115_7074A6_06092025040247.xml</Filename>
    <RecordCount>1357</RecordCount>
    <Status>Successful</Status>
    <ValidXML>true</ValidXML>
    <Transmission>Transfered to Synermaxx : 2025-06-09</Transmission>
    <Remarks />
    <Date>06/09/2025 04:03:15</Date>
  </LogFile>
  <LogFile>
    <Data>SalesData</Data>
    <Filename>A_SD_0900532115_7074A6_06092025040247.xml</Filename>
    <RecordCount>82</RecordCount>
    <Status>Successful</Status>
    <ValidXML>true</ValidXML>
    <Transmission>Transfered to Synermaxx : 2025-06-09</Transmission>
    <Remarks />
    <Date>06/09/2025 04:03:24</Date>
  </LogFile>
</LogFileData>