<LogFileData TotalRecords="2" TransactionDate="05/30/2025" PeriodMonth="5" PeriodYear="2025" PeriodDay="30" DistrictCode="7074A6" DealerCode="0900532115">
  <LogFile>
    <Data>CustomerData</Data>
    <Filename>A_CM_0900532115_7074A6_06032025105021.xml</Filename>
    <RecordCount>1342</RecordCount>
    <Status>Successful</Status>
    <ValidXML>true</ValidXML>
    <Transmission>Transfered to Synermaxx : 2025-06-03</Transmission>
    <Remarks />
    <Date>06/03/2025 10:51:06</Date>
  </LogFile>
  <LogFile>
    <Data>SalesData</Data>
    <Filename>A_SD_0900532115_7074A6_06032025105021.xml</Filename>
    <RecordCount>98</RecordCount>
    <Status>Successful</Status>
    <ValidXML>true</ValidXML>
    <Transmission>Transfered to Synermaxx : 2025-06-03</Transmission>
    <Remarks />
    <Date>06/03/2025 10:51:18</Date>
  </LogFile>
</LogFileData>