<LogFileData TotalRecords="2" TransactionDate="07/29/2025" PeriodMonth="7" PeriodYear="2025" PeriodDay="29" DistrictCode="7074A6" DealerCode="0900532115">
  <LogFile>
    <Data>CustomerData</Data>
    <Filename>A_CM_0900532115_7074A6_07312025023006.xml</Filename>
    <RecordCount>1419</RecordCount>
    <Status>Successful</Status>
    <ValidXML>true</ValidXML>
    <Transmission>Transfered to Synermaxx : 2025-07-31</Transmission>
    <Remarks />
    <Date>07/31/2025 02:30:36</Date>
  </LogFile>
  <LogFile>
    <Data>SalesData</Data>
    <Filename>A_SD_0900532115_7074A6_07312025023006.xml</Filename>
    <RecordCount>105</RecordCount>
    <Status>Successful</Status>
    <ValidXML>true</ValidXML>
    <Transmission>Transfered to Synermaxx : 2025-07-31</Transmission>
    <Remarks />
    <Date>07/31/2025 02:30:46</Date>
  </LogFile>
</LogFileData>