<LogFileData TotalRecords="2" TransactionDate="08/25/2025" PeriodMonth="8" PeriodYear="2025" PeriodDay="25" DistrictCode="7074A6" DealerCode="0900532115">
  <LogFile>
    <Data>CustomerData</Data>
    <Filename>A_CM_0900532115_7074A6_08262025015608.xml</Filename>
    <RecordCount>1426</RecordCount>
    <Status>Successful</Status>
    <ValidXML>true</ValidXML>
    <Transmission>Transfered to Synermaxx : 2025-08-26</Transmission>
    <Remarks />
    <Date>08/26/2025 01:56:36</Date>
  </LogFile>
  <LogFile>
    <Data>SalesData</Data>
    <Filename>A_SD_0900532115_7074A6_08262025015608.xml</Filename>
    <RecordCount>49</RecordCount>
    <Status>Successful</Status>
    <ValidXML>true</ValidXML>
    <Transmission>Transfered to Synermaxx : 2025-08-26</Transmission>
    <Remarks />
    <Date>08/26/2025 01:56:45</Date>
  </LogFile>
</LogFileData>