<LogFileData TotalRecords="2" TransactionDate="09/18/2025" PeriodMonth="9" PeriodYear="2025" PeriodDay="18" DistrictCode="7074A6" DealerCode="0900532115">
  <LogFile>
    <Data>CustomerData</Data>
    <Filename>A_CM_0900532115_7074A6_09192025024355.xml</Filename>
    <RecordCount>1432</RecordCount>
    <Status>Successful</Status>
    <ValidXML>true</ValidXML>
    <Transmission>Transfered to Synermaxx : 2025-09-19</Transmission>
    <Remarks />
    <Date>09/19/2025 02:44:24</Date>
  </LogFile>
  <LogFile>
    <Data>SalesData</Data>
    <Filename>A_SD_0900532115_7074A6_09192025024355.xml</Filename>
    <RecordCount>27</RecordCount>
    <Status>Successful</Status>
    <ValidXML>true</ValidXML>
    <Transmission>Transfered to Synermaxx : 2025-09-19</Transmission>
    <Remarks />
    <Date>09/19/2025 02:44:32</Date>
  </LogFile>
</LogFileData>