<LogFileData TotalRecords="2" TransactionDate="08/20/2025" PeriodMonth="8" PeriodYear="2025" PeriodDay="20" DistrictCode="7074A6" DealerCode="0900532115">
  <LogFile>
    <Data>CustomerData</Data>
    <Filename>A_CM_0900532115_7074A6_08212025092912.xml</Filename>
    <RecordCount>1425</RecordCount>
    <Status>Successful</Status>
    <ValidXML>true</ValidXML>
    <Transmission>Transfered to Synermaxx : 2025-08-21</Transmission>
    <Remarks />
    <Date>08/21/2025 09:29:56</Date>
  </LogFile>
  <LogFile>
    <Data>SalesData</Data>
    <Filename>A_SD_0900532115_7074A6_08212025092912.xml</Filename>
    <RecordCount>26</RecordCount>
    <Status>Successful</Status>
    <ValidXML>true</ValidXML>
    <Transmission>Transfered to Synermaxx : 2025-08-21</Transmission>
    <Remarks />
    <Date>08/21/2025 09:30:06</Date>
  </LogFile>
</LogFileData>