<LogFileData TotalRecords="2" TransactionDate="09/02/2025" PeriodMonth="9" PeriodYear="2025" PeriodDay="2" DistrictCode="7074A6" DealerCode="0900532115">
  <LogFile>
    <Data>CustomerData</Data>
    <Filename>A_CM_0900532115_7074A6_09042025012043.xml</Filename>
    <RecordCount>1426</RecordCount>
    <Status>Successful</Status>
    <ValidXML>true</ValidXML>
    <Transmission>Transfered to Synermaxx : 2025-09-04</Transmission>
    <Remarks />
    <Date>09/04/2025 01:21:11</Date>
  </LogFile>
  <LogFile>
    <Data>SalesData</Data>
    <Filename>A_SD_0900532115_7074A6_09042025012043.xml</Filename>
    <RecordCount>106</RecordCount>
    <Status>Successful</Status>
    <ValidXML>true</ValidXML>
    <Transmission>Transfered to Synermaxx : 2025-09-04</Transmission>
    <Remarks />
    <Date>09/04/2025 01:21:20</Date>
  </LogFile>
</LogFileData>