<LogFileData TotalRecords="1" TransactionDate="08/28/2025" PeriodMonth="8" PeriodYear="2025" PeriodDay="28" DistrictCode="7074A6" DealerCode="0900532115">
  <LogFile>
    <Data>CustomerData</Data>
    <Filename>A_CM_0900532115_7074A6_08302025111613.xml</Filename>
    <RecordCount>0</RecordCount>
    <Status>Error</Status>
    <Transmission>No Internet Connection</Transmission>
    <Remarks> Please check Internet Connection : System error. : System.Net.InternalException: System error.
   at System.Net.PooledStream.PrePush(Object expectedOwner)
   at System.Net.ConnectionPool.PutConnection(PooledStream pooledStream, Object owningObject, Int32 creationTimeout, Boolean canReuse)
   at System.Net.FtpWebRequest.FinishRequestStage(RequestStage stage)
   at System.Net.FtpWebRequest.SyncRequestCallback(Object obj)
   at System.Net.FtpWebRequest.RequestCallback(Object obj)
   at System.Net.CommandStream.Dispose(Boolean disposing)
   at System.IO.Stream.Close()
   at System.IO.Stream.Dispose()
   at System.Net.ConnectionPool.Destroy(PooledStream pooledStream)
   at System.Net.ConnectionPool.PutConnection(PooledStream pooledStream, Object owningObject, Int32 creationTimeout, Boolean canReuse)
   at System.Net.FtpWebRequest.AttemptedRecovery(Exception e)
   at System.Net.FtpWebRequest.SubmitRequest(Boolean async) : 2025-08-30</Remarks>
    <Date>08/30/2025 11:17:09</Date>
  </LogFile>
  <LogFile>
    <Data>SalesData</Data>
    <Filename>A_SD_0900532115_7074A6_08302025111613.xml</Filename>
    <RecordCount>56</RecordCount>
    <Status>Successful</Status>
    <ValidXML>true</ValidXML>
    <Transmission>Transfered to Synermaxx : 2025-08-30</Transmission>
    <Remarks />
    <Date>08/30/2025 11:17:22</Date>
  </LogFile>
</LogFileData>