<LogFileData TotalRecords="2" TransactionDate="05/19/2025" PeriodMonth="5" PeriodYear="2025" PeriodDay="19" DistrictCode="7074A6" DealerCode="0900532115">
  <LogFile>
    <Data>CustomerData</Data>
    <Filename>A_CM_0900532115_7074A6_05222025013624.xml</Filename>
    <RecordCount>1315</RecordCount>
    <Status>Successful</Status>
    <ValidXML>true</ValidXML>
    <Transmission>Transfered to Synermaxx : 2025-05-22</Transmission>
    <Remarks />
    <Date>05/22/2025 01:36:51</Date>
  </LogFile>
  <LogFile>
    <Data>SalesData</Data>
    <Filename>A_SD_0900532115_7074A6_05222025013624.xml</Filename>
    <RecordCount>69</RecordCount>
    <Status>Successful</Status>
    <ValidXML>true</ValidXML>
    <Transmission>Transfered to Synermaxx : 2025-05-22</Transmission>
    <Remarks />
    <Date>05/22/2025 01:37:01</Date>
  </LogFile>
</LogFileData>