<LogFileData TotalRecords="2" TransactionDate="06/17/2025" PeriodMonth="6" PeriodYear="2025" PeriodDay="17" DistrictCode="7074A6" DealerCode="0900532115">
  <LogFile>
    <Data>CustomerData</Data>
    <Filename>A_CM_0900532115_7074A6_06182025022756.xml</Filename>
    <RecordCount>1371</RecordCount>
    <Status>Successful</Status>
    <ValidXML>true</ValidXML>
    <Transmission>Transfered to Synermaxx : 2025-06-18</Transmission>
    <Remarks />
    <Date>06/18/2025 02:28:25</Date>
  </LogFile>
  <LogFile>
    <Data>SalesData</Data>
    <Filename>A_SD_0900532115_7074A6_06182025022756.xml</Filename>
    <RecordCount>123</RecordCount>
    <Status>Successful</Status>
    <ValidXML>true</ValidXML>
    <Transmission>Transfered to Synermaxx : 2025-06-18</Transmission>
    <Remarks />
    <Date>06/18/2025 02:28:35</Date>
  </LogFile>
</LogFileData>