<LogFileData TotalRecords="2" TransactionDate="05/22/2025" PeriodMonth="5" PeriodYear="2025" PeriodDay="22" DistrictCode="7074A6" DealerCode="0900532115">
  <LogFile>
    <Data>CustomerData</Data>
    <Filename>A_CM_0900532115_7074A6_05242025031840.xml</Filename>
    <RecordCount>1327</RecordCount>
    <Status>Successful</Status>
    <ValidXML>true</ValidXML>
    <Transmission>Transfered to Synermaxx : 2025-05-24</Transmission>
    <Remarks />
    <Date>05/24/2025 03:19:08</Date>
  </LogFile>
  <LogFile>
    <Data>SalesData</Data>
    <Filename>A_SD_0900532115_7074A6_05242025031840.xml</Filename>
    <RecordCount>120</RecordCount>
    <Status>Successful</Status>
    <ValidXML>true</ValidXML>
    <Transmission>Transfered to Synermaxx : 2025-05-24</Transmission>
    <Remarks />
    <Date>05/24/2025 03:19:17</Date>
  </LogFile>
</LogFileData>