<LogFileData TotalRecords="2" TransactionDate="07/24/2025" PeriodMonth="7" PeriodYear="2025" PeriodDay="24" DistrictCode="7074A6" DealerCode="0900532115">
  <LogFile>
    <Data>CustomerData</Data>
    <Filename>A_CM_0900532115_7074A6_07252025014929.xml</Filename>
    <RecordCount>1415</RecordCount>
    <Status>Successful</Status>
    <ValidXML>true</ValidXML>
    <Transmission>Transfered to Synermaxx : 2025-07-25</Transmission>
    <Remarks />
    <Date>07/25/2025 01:49:58</Date>
  </LogFile>
  <LogFile>
    <Data>SalesData</Data>
    <Filename>A_SD_0900532115_7074A6_07252025014929.xml</Filename>
    <RecordCount>57</RecordCount>
    <Status>Successful</Status>
    <ValidXML>true</ValidXML>
    <Transmission>Transfered to Synermaxx : 2025-07-25</Transmission>
    <Remarks />
    <Date>07/25/2025 01:50:09</Date>
  </LogFile>
</LogFileData>