<LogFileData TotalRecords="2" TransactionDate="06/28/2025" PeriodMonth="6" PeriodYear="2025" PeriodDay="28" DistrictCode="7074A6" DealerCode="0900532115">
  <LogFile>
    <Data>CustomerData</Data>
    <Filename>A_CM_0900532115_7074A6_06302025115509.xml</Filename>
    <RecordCount>1394</RecordCount>
    <Status>Successful</Status>
    <ValidXML>true</ValidXML>
    <Transmission>Transfered to Synermaxx : 2025-06-30</Transmission>
    <Remarks />
    <Date>06/30/2025 11:55:40</Date>
  </LogFile>
  <LogFile>
    <Data>SalesData</Data>
    <Filename>A_SD_0900532115_7074A6_06302025115509.xml</Filename>
    <RecordCount>55</RecordCount>
    <Status>Successful</Status>
    <ValidXML>true</ValidXML>
    <Transmission>Transfered to Synermaxx : 2025-06-30</Transmission>
    <Remarks />
    <Date>06/30/2025 11:55:49</Date>
  </LogFile>
</LogFileData>