<LogFileData TotalRecords="2" TransactionDate="05/12/2025" PeriodMonth="5" PeriodYear="2025" PeriodDay="12" DistrictCode="7074A6" DealerCode="0900532115">
  <LogFile>
    <Data>CustomerData</Data>
    <Filename>A_CM_0900532115_7074A6_05152025013940.xml</Filename>
    <RecordCount>1313</RecordCount>
    <Status>Successful</Status>
    <ValidXML>true</ValidXML>
    <Transmission>Transfered to Synermaxx : 2025-05-15</Transmission>
    <Remarks />
    <Date>05/15/2025 01:40:07</Date>
  </LogFile>
  <LogFile>
    <Data>SalesData</Data>
    <Filename>A_SD_0900532115_7074A6_05152025013940.xml</Filename>
    <RecordCount>0</RecordCount>
    <Status>Successful</Status>
    <ValidXML>true</ValidXML>
    <Transmission>Transfered to Synermaxx : 2025-05-15</Transmission>
    <Remarks />
    <Date>05/15/2025 01:40:15</Date>
  </LogFile>
</LogFileData>