<LogFileData TotalRecords="2" TransactionDate="07/18/2025" PeriodMonth="7" PeriodYear="2025" PeriodDay="18" DistrictCode="7074A6" DealerCode="0900532115">
  <LogFile>
    <Data>CustomerData</Data>
    <Filename>A_CM_0900532115_7074A6_07192025045440.xml</Filename>
    <RecordCount>1406</RecordCount>
    <Status>Successful</Status>
    <ValidXML>true</ValidXML>
    <Transmission>Transfered to Synermaxx : 2025-07-19</Transmission>
    <Remarks />
    <Date>07/19/2025 04:55:10</Date>
  </LogFile>
  <LogFile>
    <Data>SalesData</Data>
    <Filename>A_SD_0900532115_7074A6_07192025045440.xml</Filename>
    <RecordCount>160</RecordCount>
    <Status>Successful</Status>
    <ValidXML>true</ValidXML>
    <Transmission>Transfered to Synermaxx : 2025-07-19</Transmission>
    <Remarks />
    <Date>07/19/2025 04:55:20</Date>
  </LogFile>
</LogFileData>