<LogFileData TotalRecords="2" TransactionDate="09/24/2025" PeriodMonth="9" PeriodYear="2025" PeriodDay="24" DistrictCode="7074A6" DealerCode="0900532115">
  <LogFile>
    <Data>CustomerData</Data>
    <Filename>A_CM_0900532115_7074A6_09252025014436.xml</Filename>
    <RecordCount>1436</RecordCount>
    <Status>Successful</Status>
    <ValidXML>true</ValidXML>
    <Transmission>Transfered to Synermaxx : 2025-09-25</Transmission>
    <Remarks />
    <Date>09/25/2025 01:45:05</Date>
  </LogFile>
  <LogFile>
    <Data>SalesData</Data>
    <Filename>A_SD_0900532115_7074A6_09252025014436.xml</Filename>
    <RecordCount>5</RecordCount>
    <Status>Successful</Status>
    <ValidXML>true</ValidXML>
    <Transmission>Transfered to Synermaxx : 2025-09-25</Transmission>
    <Remarks />
    <Date>09/25/2025 01:45:13</Date>
  </LogFile>
</LogFileData>