<LogFileData TotalRecords="2" TransactionDate="05/20/2025" PeriodMonth="5" PeriodYear="2025" PeriodDay="20" DistrictCode="7074A6" DealerCode="0900532115">
  <LogFile>
    <Data>CustomerData</Data>
    <Filename>A_CM_0900532115_7074A6_05232025025445.xml</Filename>
    <RecordCount>1319</RecordCount>
    <Status>Successful</Status>
    <ValidXML>true</ValidXML>
    <Transmission>Transfered to Synermaxx : 2025-05-23</Transmission>
    <Remarks />
    <Date>05/23/2025 02:55:15</Date>
  </LogFile>
  <LogFile>
    <Data>SalesData</Data>
    <Filename>A_SD_0900532115_7074A6_05232025025445.xml</Filename>
    <RecordCount>124</RecordCount>
    <Status>Successful</Status>
    <ValidXML>true</ValidXML>
    <Transmission>Transfered to Synermaxx : 2025-05-23</Transmission>
    <Remarks />
    <Date>05/23/2025 02:55:25</Date>
  </LogFile>
</LogFileData>