<LogFileData TotalRecords="2" TransactionDate="09/10/2025" PeriodMonth="9" PeriodYear="2025" PeriodDay="10" DistrictCode="7074A6" DealerCode="0900532115">
  <LogFile>
    <Data>CustomerData</Data>
    <Filename>A_CM_0900532115_7074A6_09122025014653.xml</Filename>
    <RecordCount>1429</RecordCount>
    <Status>Successful</Status>
    <ValidXML>true</ValidXML>
    <Transmission>Transfered to Synermaxx : 2025-09-12</Transmission>
    <Remarks />
    <Date>09/12/2025 01:47:22</Date>
  </LogFile>
  <LogFile>
    <Data>SalesData</Data>
    <Filename>A_SD_0900532115_7074A6_09122025014653.xml</Filename>
    <RecordCount>47</RecordCount>
    <Status>Successful</Status>
    <ValidXML>true</ValidXML>
    <Transmission>Transfered to Synermaxx : 2025-09-12</Transmission>
    <Remarks />
    <Date>09/12/2025 01:47:30</Date>
  </LogFile>
</LogFileData>