<LogFileData TotalRecords="2" TransactionDate="06/10/2025" PeriodMonth="6" PeriodYear="2025" PeriodDay="10" DistrictCode="7074A6" DealerCode="0900532115">
  <LogFile>
    <Data>CustomerData</Data>
    <Filename>A_CM_0900532115_7074A6_06112025040917.xml</Filename>
    <RecordCount>1360</RecordCount>
    <Status>Successful</Status>
    <ValidXML>true</ValidXML>
    <Transmission>Transfered to Synermaxx : 2025-06-11</Transmission>
    <Remarks />
    <Date>06/11/2025 04:09:45</Date>
  </LogFile>
  <LogFile>
    <Data>SalesData</Data>
    <Filename>A_SD_0900532115_7074A6_06112025040917.xml</Filename>
    <RecordCount>92</RecordCount>
    <Status>Successful</Status>
    <ValidXML>true</ValidXML>
    <Transmission>Transfered to Synermaxx : 2025-06-11</Transmission>
    <Remarks />
    <Date>06/11/2025 04:09:55</Date>
  </LogFile>
</LogFileData>