<LogFileData TotalRecords="2" TransactionDate="07/23/2025" PeriodMonth="7" PeriodYear="2025" PeriodDay="23" DistrictCode="7074A6" DealerCode="0900532115">
  <LogFile>
    <Data>CustomerData</Data>
    <Filename>A_CM_0900532115_7074A6_07242025094555.xml</Filename>
    <RecordCount>1413</RecordCount>
    <Status>Successful</Status>
    <ValidXML>true</ValidXML>
    <Transmission>Transfered to Synermaxx : 2025-07-24</Transmission>
    <Remarks />
    <Date>07/24/2025 09:46:39</Date>
  </LogFile>
  <LogFile>
    <Data>SalesData</Data>
    <Filename>A_SD_0900532115_7074A6_07242025094555.xml</Filename>
    <RecordCount>73</RecordCount>
    <Status>Successful</Status>
    <ValidXML>true</ValidXML>
    <Transmission>Transfered to Synermaxx : 2025-07-24</Transmission>
    <Remarks />
    <Date>07/24/2025 09:46:48</Date>
  </LogFile>
</LogFileData>