<LogFileData TotalRecords="2" TransactionDate="05/25/2025" PeriodMonth="5" PeriodYear="2025" PeriodDay="25" DistrictCode="7074A6" DealerCode="0900532115">
  <LogFile>
    <Data>CustomerData</Data>
    <Filename>A_CM_0900532115_7074A6_05272025033328.xml</Filename>
    <RecordCount>1333</RecordCount>
    <Status>Successful</Status>
    <ValidXML>true</ValidXML>
    <Transmission>Transfered to Synermaxx : 2025-05-27</Transmission>
    <Remarks />
    <Date>05/27/2025 03:33:56</Date>
  </LogFile>
  <LogFile>
    <Data>SalesData</Data>
    <Filename>A_SD_0900532115_7074A6_05272025033328.xml</Filename>
    <RecordCount>0</RecordCount>
    <Status>Successful</Status>
    <ValidXML>true</ValidXML>
    <Transmission>Transfered to Synermaxx : 2025-05-27</Transmission>
    <Remarks />
    <Date>05/27/2025 03:34:05</Date>
  </LogFile>
</LogFileData>