<LogFileData TotalRecords="2" TransactionDate="09/13/2025" PeriodMonth="9" PeriodYear="2025" PeriodDay="13" DistrictCode="7074A6" DealerCode="0900532115">
  <LogFile>
    <Data>CustomerData</Data>
    <Filename>A_CM_0900532115_7074A6_09152025040440.xml</Filename>
    <RecordCount>1432</RecordCount>
    <Status>Successful</Status>
    <ValidXML>true</ValidXML>
    <Transmission>Transfered to Synermaxx : 2025-09-15</Transmission>
    <Remarks />
    <Date>09/15/2025 04:05:09</Date>
  </LogFile>
  <LogFile>
    <Data>SalesData</Data>
    <Filename>A_SD_0900532115_7074A6_09152025040440.xml</Filename>
    <RecordCount>61</RecordCount>
    <Status>Successful</Status>
    <ValidXML>true</ValidXML>
    <Transmission>Transfered to Synermaxx : 2025-09-15</Transmission>
    <Remarks />
    <Date>09/15/2025 04:05:18</Date>
  </LogFile>
</LogFileData>