<LogFileData TotalRecords="2" TransactionDate="05/06/2025" PeriodMonth="5" PeriodYear="2025" PeriodDay="6" DistrictCode="7074A6" DealerCode="0900532115">
  <LogFile>
    <Data>CustomerData</Data>
    <Filename>A_CM_0900532115_7074A6_05092025034504.xml</Filename>
    <RecordCount>1312</RecordCount>
    <Status>Successful</Status>
    <ValidXML>true</ValidXML>
    <Transmission>Transfered to Synermaxx : 2025-05-09</Transmission>
    <Remarks />
    <Date>05/09/2025 03:45:31</Date>
  </LogFile>
  <LogFile>
    <Data>SalesData</Data>
    <Filename>A_SD_0900532115_7074A6_05092025034504.xml</Filename>
    <RecordCount>148</RecordCount>
    <Status>Successful</Status>
    <ValidXML>true</ValidXML>
    <Transmission>Transfered to Synermaxx : 2025-05-09</Transmission>
    <Remarks />
    <Date>05/09/2025 03:45:41</Date>
  </LogFile>
</LogFileData>