<LogFileData TotalRecords="2" TransactionDate="06/09/2025" PeriodMonth="6" PeriodYear="2025" PeriodDay="9" DistrictCode="7074A6" DealerCode="0900532115">
  <LogFile>
    <Data>CustomerData</Data>
    <Filename>A_CM_0900532115_7074A6_06102025025539.xml</Filename>
    <RecordCount>1358</RecordCount>
    <Status>Successful</Status>
    <ValidXML>true</ValidXML>
    <Transmission>Transfered to Synermaxx : 2025-06-10</Transmission>
    <Remarks />
    <Date>06/10/2025 02:56:07</Date>
  </LogFile>
  <LogFile>
    <Data>SalesData</Data>
    <Filename>A_SD_0900532115_7074A6_06102025025539.xml</Filename>
    <RecordCount>73</RecordCount>
    <Status>Successful</Status>
    <ValidXML>true</ValidXML>
    <Transmission>Transfered to Synermaxx : 2025-06-10</Transmission>
    <Remarks />
    <Date>06/10/2025 02:56:16</Date>
  </LogFile>
</LogFileData>