<LogFileData TotalRecords="2" TransactionDate="07/01/2025" PeriodMonth="7" PeriodYear="2025" PeriodDay="1" DistrictCode="7074A6" DealerCode="0900532115">
  <LogFile>
    <Data>CustomerData</Data>
    <Filename>A_CM_0900532115_7074A6_07032025122936.xml</Filename>
    <RecordCount>1396</RecordCount>
    <Status>Successful</Status>
    <ValidXML>true</ValidXML>
    <Transmission>Transfered to Synermaxx : 2025-07-03</Transmission>
    <Remarks />
    <Date>07/03/2025 12:30:09</Date>
  </LogFile>
  <LogFile>
    <Data>SalesData</Data>
    <Filename>A_SD_0900532115_7074A6_07032025122936.xml</Filename>
    <RecordCount>121</RecordCount>
    <Status>Successful</Status>
    <ValidXML>true</ValidXML>
    <Transmission>Transfered to Synermaxx : 2025-07-03</Transmission>
    <Remarks />
    <Date>07/03/2025 12:30:19</Date>
  </LogFile>
</LogFileData>