<LogFileData TotalRecords="2" TransactionDate="05/02/2025" PeriodMonth="5" PeriodYear="2025" PeriodDay="2" DistrictCode="7074A6" DealerCode="0900532115">
  <LogFile>
    <Data>CustomerData</Data>
    <Filename>A_CM_0900532115_7074A6_05052025034125.xml</Filename>
    <RecordCount>1310</RecordCount>
    <Status>Successful</Status>
    <ValidXML>true</ValidXML>
    <Transmission>Transfered to Synermaxx : 2025-05-05</Transmission>
    <Remarks />
    <Date>05/05/2025 03:41:52</Date>
  </LogFile>
  <LogFile>
    <Data>SalesData</Data>
    <Filename>A_SD_0900532115_7074A6_05052025034125.xml</Filename>
    <RecordCount>131</RecordCount>
    <Status>Successful</Status>
    <ValidXML>true</ValidXML>
    <Transmission>Transfered to Synermaxx : 2025-05-05</Transmission>
    <Remarks />
    <Date>05/05/2025 03:42:02</Date>
  </LogFile>
</LogFileData>