<LogFileData TotalRecords="2" TransactionDate="08/05/2025" PeriodMonth="8" PeriodYear="2025" PeriodDay="5" DistrictCode="7074A6" DealerCode="0900532115">
  <LogFile>
    <Data>CustomerData</Data>
    <Filename>A_CM_0900532115_7074A6_08062025045241.xml</Filename>
    <RecordCount>1422</RecordCount>
    <Status>Successful</Status>
    <ValidXML>true</ValidXML>
    <Transmission>Transfered to Synermaxx : 2025-08-06</Transmission>
    <Remarks />
    <Date>08/06/2025 04:53:10</Date>
  </LogFile>
  <LogFile>
    <Data>SalesData</Data>
    <Filename>A_SD_0900532115_7074A6_08062025045241.xml</Filename>
    <RecordCount>90</RecordCount>
    <Status>Successful</Status>
    <ValidXML>true</ValidXML>
    <Transmission>Transfered to Synermaxx : 2025-08-06</Transmission>
    <Remarks />
    <Date>08/06/2025 04:53:19</Date>
  </LogFile>
</LogFileData>