<LogFileData TotalRecords="2" TransactionDate="06/20/2025" PeriodMonth="6" PeriodYear="2025" PeriodDay="20" DistrictCode="7074A6" DealerCode="0900532115">
  <LogFile>
    <Data>CustomerData</Data>
    <Filename>A_CM_0900532115_7074A6_06212025110304.xml</Filename>
    <RecordCount>1377</RecordCount>
    <Status>Successful</Status>
    <ValidXML>true</ValidXML>
    <Transmission>Transfered to Synermaxx : 2025-06-21</Transmission>
    <Remarks />
    <Date>06/21/2025 11:03:32</Date>
  </LogFile>
  <LogFile>
    <Data>SalesData</Data>
    <Filename>A_SD_0900532115_7074A6_06212025110304.xml</Filename>
    <RecordCount>64</RecordCount>
    <Status>Successful</Status>
    <ValidXML>true</ValidXML>
    <Transmission>Transfered to Synermaxx : 2025-06-21</Transmission>
    <Remarks />
    <Date>06/21/2025 11:03:41</Date>
  </LogFile>
</LogFileData>