<LogFileData TotalRecords="0" TransactionDate="06/11/2025" PeriodMonth="6" PeriodYear="2025" PeriodDay="11" DistrictCode="7074A6" DealerCode="0900532115">
  <LogFile>
    <Data>CustomerData</Data>
    <Filename>A_CM_0900532115_7074A6_06122025035912.xml</Filename>
    <RecordCount>0</RecordCount>
    <Status>Error</Status>
    <Transmission>No Internet Connection</Transmission>
    <Remarks> Please check Internet Connection : Unable to connect to the remote server :  : 2025-06-12</Remarks>
    <Date>06/12/2025 04:01:15</Date>
  </LogFile>
  <LogFile>
    <Data>SalesData</Data>
    <Filename>A_SD_0900532115_7074A6_06122025035912.xml</Filename>
    <RecordCount>0</RecordCount>
    <Status>Error</Status>
    <Transmission>No Internet Connection</Transmission>
    <Remarks> Please check Internet Connection : Unable to connect to the remote server :  : 2025-06-12</Remarks>
    <Date>06/12/2025 04:03:01</Date>
  </LogFile>
</LogFileData>