<LogFileData TotalRecords="2" TransactionDate="05/14/2025" PeriodMonth="5" PeriodYear="2025" PeriodDay="14" DistrictCode="7074A6" DealerCode="0900532115">
  <LogFile>
    <Data>CustomerData</Data>
    <Filename>A_CM_0900532115_7074A6_05172025041527.xml</Filename>
    <RecordCount>1314</RecordCount>
    <Status>Successful</Status>
    <ValidXML>true</ValidXML>
    <Transmission>Transfered to Synermaxx : 2025-05-17</Transmission>
    <Remarks />
    <Date>05/17/2025 04:15:55</Date>
  </LogFile>
  <LogFile>
    <Data>SalesData</Data>
    <Filename>A_SD_0900532115_7074A6_05172025041527.xml</Filename>
    <RecordCount>69</RecordCount>
    <Status>Successful</Status>
    <ValidXML>true</ValidXML>
    <Transmission>Transfered to Synermaxx : 2025-05-17</Transmission>
    <Remarks />
    <Date>05/17/2025 04:16:04</Date>
  </LogFile>
</LogFileData>