<LogFileData TotalRecords="2" TransactionDate="05/04/2025" PeriodMonth="5" PeriodYear="2025" PeriodDay="4" DistrictCode="7074A6" DealerCode="0900532115">
  <LogFile>
    <Data>CustomerData</Data>
    <Filename>A_CM_0900532115_7074A6_05082025041952.xml</Filename>
    <RecordCount>1311</RecordCount>
    <Status>Successful</Status>
    <ValidXML>true</ValidXML>
    <Transmission>Transfered to Synermaxx : 2025-05-08</Transmission>
    <Remarks />
    <Date>05/08/2025 04:20:20</Date>
  </LogFile>
  <LogFile>
    <Data>SalesData</Data>
    <Filename>A_SD_0900532115_7074A6_05082025041952.xml</Filename>
    <RecordCount>0</RecordCount>
    <Status>Successful</Status>
    <ValidXML>true</ValidXML>
    <Transmission>Transfered to Synermaxx : 2025-05-08</Transmission>
    <Remarks />
    <Date>05/08/2025 04:20:29</Date>
  </LogFile>
</LogFileData>