<LogFileData TotalRecords="2" TransactionDate="06/21/2025" PeriodMonth="6" PeriodYear="2025" PeriodDay="21" DistrictCode="7074A6" DealerCode="0900532115">
  <LogFile>
    <Data>CustomerData</Data>
    <Filename>A_CM_0900532115_7074A6_06232025112147.xml</Filename>
    <RecordCount>1377</RecordCount>
    <Status>Successful</Status>
    <ValidXML>true</ValidXML>
    <Transmission>Transfered to Synermaxx : 2025-06-23</Transmission>
    <Remarks />
    <Date>06/23/2025 11:22:43</Date>
  </LogFile>
  <LogFile>
    <Data>SalesData</Data>
    <Filename>A_SD_0900532115_7074A6_06232025112147.xml</Filename>
    <RecordCount>81</RecordCount>
    <Status>Successful</Status>
    <ValidXML>true</ValidXML>
    <Transmission>Transfered to Synermaxx : 2025-06-23</Transmission>
    <Remarks />
    <Date>06/23/2025 11:22:53</Date>
  </LogFile>
</LogFileData>