<LogFileData TotalRecords="2" TransactionDate="07/25/2025" PeriodMonth="7" PeriodYear="2025" PeriodDay="25" DistrictCode="7074A6" DealerCode="0900532115">
  <LogFile>
    <Data>CustomerData</Data>
    <Filename>A_CM_0900532115_7074A6_07262025015441.xml</Filename>
    <RecordCount>1416</RecordCount>
    <Status>Successful</Status>
    <ValidXML>true</ValidXML>
    <Transmission>Transfered to Synermaxx : 2025-07-26</Transmission>
    <Remarks />
    <Date>07/26/2025 01:55:20</Date>
  </LogFile>
  <LogFile>
    <Data>SalesData</Data>
    <Filename>A_SD_0900532115_7074A6_07262025015441.xml</Filename>
    <RecordCount>100</RecordCount>
    <Status>Successful</Status>
    <ValidXML>true</ValidXML>
    <Transmission>Transfered to Synermaxx : 2025-07-26</Transmission>
    <Remarks />
    <Date>07/26/2025 01:55:48</Date>
  </LogFile>
</LogFileData>