<LogFileData TotalRecords="2" TransactionDate="06/25/2025" PeriodMonth="6" PeriodYear="2025" PeriodDay="25" DistrictCode="7074A6" DealerCode="0900532115">
  <LogFile>
    <Data>CustomerData</Data>
    <Filename>A_CM_0900532115_7074A6_06262025112437.xml</Filename>
    <RecordCount>1392</RecordCount>
    <Status>Successful</Status>
    <ValidXML>true</ValidXML>
    <Transmission>Transfered to Synermaxx : 2025-06-26</Transmission>
    <Remarks />
    <Date>06/26/2025 11:25:06</Date>
  </LogFile>
  <LogFile>
    <Data>SalesData</Data>
    <Filename>A_SD_0900532115_7074A6_06262025112437.xml</Filename>
    <RecordCount>139</RecordCount>
    <Status>Successful</Status>
    <ValidXML>true</ValidXML>
    <Transmission>Transfered to Synermaxx : 2025-06-26</Transmission>
    <Remarks />
    <Date>06/26/2025 11:25:16</Date>
  </LogFile>
</LogFileData>