<LogFileData TotalRecords="2" TransactionDate="08/26/2025" PeriodMonth="8" PeriodYear="2025" PeriodDay="26" DistrictCode="7074A6" DealerCode="0900532115">
  <LogFile>
    <Data>CustomerData</Data>
    <Filename>A_CM_0900532115_7074A6_08272025103808.xml</Filename>
    <RecordCount>1426</RecordCount>
    <Status>Successful</Status>
    <ValidXML>true</ValidXML>
    <Transmission>Transfered to Synermaxx : 2025-08-27</Transmission>
    <Remarks />
    <Date>08/27/2025 10:38:38</Date>
  </LogFile>
  <LogFile>
    <Data>SalesData</Data>
    <Filename>A_SD_0900532115_7074A6_08272025103808.xml</Filename>
    <RecordCount>83</RecordCount>
    <Status>Successful</Status>
    <ValidXML>true</ValidXML>
    <Transmission>Transfered to Synermaxx : 2025-08-27</Transmission>
    <Remarks />
    <Date>08/27/2025 10:38:47</Date>
  </LogFile>
</LogFileData>