<LogFileData TotalRecords="2" TransactionDate="06/18/2025" PeriodMonth="6" PeriodYear="2025" PeriodDay="18" DistrictCode="7074A6" DealerCode="0900532115">
  <LogFile>
    <Data>CustomerData</Data>
    <Filename>A_CM_0900532115_7074A6_06192025114900.xml</Filename>
    <RecordCount>1375</RecordCount>
    <Status>Successful</Status>
    <ValidXML>true</ValidXML>
    <Transmission>Transfered to Synermaxx : 2025-06-19</Transmission>
    <Remarks />
    <Date>06/19/2025 11:49:28</Date>
  </LogFile>
  <LogFile>
    <Data>SalesData</Data>
    <Filename>A_SD_0900532115_7074A6_06192025114900.xml</Filename>
    <RecordCount>64</RecordCount>
    <Status>Successful</Status>
    <ValidXML>true</ValidXML>
    <Transmission>Transfered to Synermaxx : 2025-06-19</Transmission>
    <Remarks />
    <Date>06/19/2025 11:49:37</Date>
  </LogFile>
</LogFileData>