<LogFileData TotalRecords="2" TransactionDate="07/19/2025" PeriodMonth="7" PeriodYear="2025" PeriodDay="19" DistrictCode="7074A6" DealerCode="0900532115">
  <LogFile>
    <Data>CustomerData</Data>
    <Filename>A_CM_0900532115_7074A6_07212025014617.xml</Filename>
    <RecordCount>1408</RecordCount>
    <Status>Successful</Status>
    <ValidXML>true</ValidXML>
    <Transmission>Transfered to Synermaxx : 2025-07-21</Transmission>
    <Remarks />
    <Date>07/21/2025 01:46:46</Date>
  </LogFile>
  <LogFile>
    <Data>SalesData</Data>
    <Filename>A_SD_0900532115_7074A6_07212025014617.xml</Filename>
    <RecordCount>94</RecordCount>
    <Status>Successful</Status>
    <ValidXML>true</ValidXML>
    <Transmission>Transfered to Synermaxx : 2025-07-21</Transmission>
    <Remarks />
    <Date>07/21/2025 01:46:56</Date>
  </LogFile>
</LogFileData>