<LogFileData TotalRecords="2" TransactionDate="08/21/2025" PeriodMonth="8" PeriodYear="2025" PeriodDay="21" DistrictCode="7074A6" DealerCode="0900532115">
  <LogFile>
    <Data>CustomerData</Data>
    <Filename>A_CM_0900532115_7074A6_08222025015555.xml</Filename>
    <RecordCount>1425</RecordCount>
    <Status>Successful</Status>
    <ValidXML>true</ValidXML>
    <Transmission>Transfered to Synermaxx : 2025-08-22</Transmission>
    <Remarks />
    <Date>08/22/2025 01:56:27</Date>
  </LogFile>
  <LogFile>
    <Data>SalesData</Data>
    <Filename>A_SD_0900532115_7074A6_08222025015555.xml</Filename>
    <RecordCount>80</RecordCount>
    <Status>Successful</Status>
    <ValidXML>true</ValidXML>
    <Transmission>Transfered to Synermaxx : 2025-08-22</Transmission>
    <Remarks />
    <Date>08/22/2025 01:56:37</Date>
  </LogFile>
</LogFileData>